step,true_value,prediction,lower_bound,upper_bound
80,7.720000000000001,7.981836783754947,4.220100331201847,14.454375757455914
81,7.9300000000000015,7.451592752239625,3.910586918932492,13.546004628146841
82,6.800000000000002,7.842215473919483,4.137953089979378,14.217105551178738
83,6.26,6.4309420671689255,3.315574677619029,11.79525998982039
84,7.77,6.079009508821772,3.108516719408227,11.19719403580936
85,6.56,7.9440842741134645,4.191351506053349,14.4095987160885
86,5.81,6.275730622165455,3.402058138115753,11.02534233429612
87,5.28,5.629091975343064,3.144249188823318,9.603817100591655
88,4.96,5.138845715772095,2.9496813618637057,8.541384043261422
89,4.7700000000000005,4.86504882769317,2.884283562387306,7.855892521421197
90,4.679999999999999,4.700077611121265,2.869262961102486,7.39717669732846
91,4.66,4.628331023811354,2.9015755860900336,7.1193121636645245
92,5.41,4.61834316221344,2.9647584897839017,6.961589582247418
93,5.14,5.449775265598965,3.619186862330361,8.005827695774437
94,5.87,5.021489299024376,3.373465415140017,7.290527061845818
95,6.740000000000002,5.8577449992184,4.065709607316036,8.283727280060603
96,9.709999999999999,6.695451903595589,4.727043278930669,9.340410769797833
97,8.909999999999998,10.005306316560077,7.200687292584744,13.76909956447599
98,9.369999999999997,8.405935981181132,6.113544617597746,11.437067093557483
99,9.160000000000002,9.142599257732877,6.765050823729662,12.248119302527952
100,16.069999999999997,8.823121766104379,6.6013626069800635,11.6942663073469
101,16.21,16.253879656270037,12.493893859220387,21.061561051158925
102,13.270000000000001,15.384950135678181,11.961277516780907,19.712972976705263
103,11.729999999999999,12.228671630709695,9.291115018120404,16.004741741299235
104,10.09,11.018611305708546,8.226885068882078,14.655014302156728
105,8.489999999999998,9.468899260724264,6.962999615922094,12.763387795731033
106,7.440000000000003,8.062287858116632,5.86012042816241,10.971373109752621
107,6.570000000000001,7.2559414884931,5.239719005316604,9.9236601525397
108,6.029999999999999,6.547693099776008,4.704889561217739,8.985762303915013
109,5.76,6.140551494700334,4.3974126179246715,8.446651434270386
110,5.08,5.9368959916132855,4.239822603263228,8.183617393553027
111,4.670000000000001,5.232229169994771,3.7210792971920448,7.2270764760157675
112,4.41,4.872583202548613,3.4566827257343657,6.738319192370456
113,4.05,4.623702476849538,3.338038179393971,6.290399079092897
114,3.74,4.222503291928358,3.095848282935412,5.659070050967664
115,3.49,3.893883792200521,2.887035519288571,5.1615332437061054
116,3.2799999999999994,3.638258914820441,2.7241528535543313,4.776735436725929
117,3.1400000000000006,3.407433725341212,2.548020471796827,4.475016899617113
118,2.99,3.258015426610876,2.433846551582542,4.279995800889934
119,2.8300000000000005,3.0861358856075514,2.299134505923601,4.060874737198864
120,2.72,2.912044799426772,2.1610158711065366,3.84151144339707
121,2.6100000000000003,2.801738119736975,2.0734460348759023,3.7026082667642513
122,2.5199999999999996,2.683278294559868,1.978684763668587,3.5545400307708706
123,2.45,2.5898315597078323,1.9035740518224,3.4382855050609225
124,2.37,2.5237043853643457,1.8511923425230066,3.354842151564081
125,2.28,2.432526528641394,1.7777379936024413,3.24166656357196
126,2.2,2.338976045518679,1.7028211223268075,3.124860850188192
127,2.1200000000000006,2.2575969681712196,1.637905936584569,3.0228644470841664
128,2.04,2.153787377046919,1.5570833099155585,2.889734362995369
129,1.9699999999999998,2.0725799999662926,1.4537746624795052,2.847438805425237
130,1.92,1.9988779992956998,1.3646516020115809,2.8032111144869343
131,1.8599999999999999,1.941743916944453,1.134900377095569,3.053518077809727
132,1.8200000000000003,1.833851922588115,1.0317653184483961,2.9525808646488736
133,1.85,1.8065987611910197,0.7370098909224794,3.5348023908693493
134,1.9100000000000001,1.8906161357944482,0.49155469776841554,4.601981380244736
135,1.87,1.9341258264557744,0.37296722211410294,5.270429640860943
136,2.0500000000000003,1.8121450670950092,0.14412873096894252,5.911949385004528
137,1.83,2.3039574681879778,0.2528169554418931,7.713272041999764
138,1.88,1.6345903604613494,0.0862699636316151,5.389817080305256
139,1.83,1.9409282309867342,0.3233582621664177,5.535689621686968
140,1.7800000000000002,1.8053469383645862,0.3596085921349623,4.7884096129706855
141,1.69,1.7799025491897296,0.4349780070468239,4.385349562879673
142,1.63,1.6740003714621796,0.45588571465657135,3.91129071093781
143,1.6,1.6252589744959702,0.4954177533835187,3.608735363464752
144,1.63,1.6003707377013088,0.5389485075615621,3.3938623938804877
145,1.67,1.6420494921245972,0.6145231526661195,3.323521472769726
146,1.5499999999999998,1.6810572453809964,0.6827905174853703,3.2715167920908055
147,1.48,1.5406130682070143,0.630305989275326,2.9592044713111747
148,1.4500000000000002,1.4784073032269291,0.6204466988482644,2.7906231442566884
149,1.4,1.4524213403056088,0.6308739215957773,2.6878205916134954
150,1.3600000000000003,1.4008340732015863,0.6469512096578074,2.499802673719355
151,1.3200000000000003,1.3621887391787402,0.6638420485781296,2.353645043573273
152,1.29,1.3224703845087604,0.6730957563838973,2.223885223747247
153,1.2400000000000002,1.2932948389479884,0.6915524514080431,2.1090973347990105
154,1.21,1.2424618001673666,0.6876157351205918,1.9797274465745227
155,1.21,1.2132769676030972,0.694285137603257,1.8912458868947728
156,1.2599999999999998,1.2148563853924377,0.720909583382052,1.8505790514995262
157,1.5,1.2658695535397326,0.7840218641053274,1.877859816047204
158,1.67,1.5274293448804368,1.0160600366294448,2.168506382400387
159,1.3399999999999999,1.6965058086654086,1.1697861517121853,2.351087650010396
160,1.23,1.3656432912616245,0.9151914445716978,1.9220411345053021
161,1.1799999999999997,1.2475966881673743,0.8250960933473535,1.767904052326251
162,1.1399999999999997,1.1998215957096905,0.7925314551711211,1.6996541896045891
163,1.0899999999999999,1.1604190952542601,0.7683299531957575,1.639445573324259
164,1.08,1.1075967653710839,0.732838154871627,1.563403923739045
165,1.0700000000000003,1.1027083150828054,0.7363428465446302,1.5463762914778276
166,1.0499999999999998,1.0889062319541472,0.7337876749387946,1.5167610249916632
167,1.02,1.0690073454234001,0.7187222932251862,1.4906824169849284
168,1.0,1.0259969599364767,0.683551193010572,1.438098525731062
169,0.99,1.0157333053660529,0.6815734942771796,1.416296862545697
170,0.98,1.0037835985341794,0.6687638931815121,1.406061592152303
171,0.96,0.994042950023106,0.6653945457554582,1.3875467207881118
172,0.94,0.9691579170559355,0.6470485516919651,1.3542614444004957
173,0.94,0.9524809638005283,0.6543592269682779,1.3043253556179053
174,0.9300000000000002,0.9617443617482391,0.6811615666621686,1.289155912891717
175,0.9100000000000001,0.9421010992378298,0.6808811887843691,1.2439162891629247
176,0.9100000000000001,0.9218947032296652,0.6773251568666103,1.2021247551085192
177,0.96,0.9292112007075144,0.69458704918289,1.196320253202669
178,0.9300000000000002,0.9992631202620355,0.7665185610185679,1.2626725312952298
179,0.8599999999999999,0.9227019892896366,0.706778599444879,1.1659416990702165
180,0.8300000000000001,0.8589791443655879,0.6565902779398389,1.0860942534830658
181,0.81,0.8463433460726089,0.6502626414722725,1.0657219438387648
182,0.8399999999999999,0.8224733191581628,0.6330052335603988,1.0339242831462268
183,0.94,0.8784836467414685,0.6857509049172437,1.0932516190749757
184,0.8500000000000001,0.9941808835786006,0.7904758025283116,1.2210617930802479
185,0.81,0.8147958792633945,0.6304141017804266,1.0200291936845267
186,0.79,0.841048022668003,0.6557003851153422,1.0471444303817332
187,0.78,0.8000453673462682,0.6199636781830551,1.0001456626107297
188,0.77,0.8015817888003929,0.6238717908480322,0.9987396542200093
189,0.75,0.77806056672616,0.6116137477117842,0.961697946195446
190,0.9199999999999999,0.749074809652774,0.587215184816493,0.9274404120041144
191,1.02,0.984463460828749,0.8001154663145715,1.1876903460126322
192,0.81,1.02699271930818,0.833240442797444,1.2412223668045836
193,0.75,0.7279608244820128,0.5477015046222418,0.9292147756058007
194,0.71,0.8252093226406434,0.6185296361898953,1.0582811688864608
195,0.78,0.7170879666357055,0.5151126654111697,0.9459880129541458
196,0.9100000000000001,0.8496564193835257,0.6242146888814513,1.1063895636375412
197,0.78,0.9293758535938559,0.6781069098921255,1.218268194051066
198,1.0700000000000003,0.751432445665422,0.5016977740116646,1.042698381003083
199,0.8,0.9929631384171329,0.6896131812879747,1.3507759735052067
200,0.73,0.8633795258058783,0.5560208254953494,1.2314503766922225
201,0.69,0.8124281198735974,0.4831083179209341,1.2148724068336483
202,0.6600000000000001,0.78542606397909,0.4427549192017324,1.209485608061296
203,0.6499999999999999,0.755812351583913,0.410004377660415,1.1864308103000156
204,0.6400000000000001,0.7350364032183758,0.3921425568925203,1.162387253797149
205,0.6099999999999999,0.7149050683138727,0.3797510450703814,1.1314710388051146
206,0.6099999999999999,0.6811290010928255,0.3592233242946996,1.079271792795251
207,0.6000000000000001,0.6693979253646722,0.3569735216982599,1.0537537311148593
208,0.6000000000000001,0.653548300932443,0.35145121503249355,1.0231747569599312
209,0.5800000000000001,0.6450333873908363,0.3520681184384673,1.0014781864363043
210,0.5699999999999998,0.6252125848016021,0.3426214495134907,0.9672826966637593
211,0.56,0.6104005245181907,0.33641129505978373,0.9405626538441143
212,0.55,0.5968709310407714,0.33082235722794917,0.9161060501828082
213,0.6499999999999999,0.5842462994615794,0.32567555254518865,0.8932508278809452
214,0.6099999999999999,0.6503839287956017,0.3951401861900503,0.9523250347085663
215,0.55,0.6361686021434367,0.3987310277701088,0.9139117110369837
216,0.53,0.5931948485434761,0.37510711475152103,0.8458706221472281
217,0.53,0.5663136765059649,0.3631162186974317,0.7998014399344442
218,0.52,0.5569473216073704,0.36510905728992626,0.7757445453279486
219,0.53,0.5471508841714579,0.367424202351917,0.7504998480175304
220,0.54,0.5504453997735526,0.3792449681496355,0.7428962897750966
221,0.77,0.5567615513375932,0.3914961287673495,0.7416552425983982
222,0.6099999999999999,0.7128740542485985,0.5414494896395461,0.9033627410030187
223,0.5699999999999998,0.6458624453324731,0.48416257573553323,0.825179554614027
224,0.53,0.6077128508986731,0.4494343905616496,0.7832753436622706
225,0.51,0.5696248812713676,0.41460286920162037,0.7416352826264525
226,0.5,0.5439416951959299,0.39126657511241314,0.7133711114793919
227,0.5,0.5278576243758515,0.3774890369947079,0.6946406524267597
228,0.51,0.5187281713303069,0.37098407214940865,0.6823939134290202
229,0.5,0.5299410612836741,0.38051062638338373,0.6955462756081463
230,0.5,0.5132495040155707,0.36669925322988894,0.6755142405994925
231,0.48,0.518352863587805,0.35819199599651186,0.6974002388180827
232,0.48,0.5066131169808537,0.33474509809165487,0.700611665481385
233,0.54,0.5064444829275114,0.32213464932192926,0.716447701681981
234,0.51,0.5485986156693006,0.3454980669834038,0.7823568322394732
235,0.48,0.5313752586391014,0.318744798701887,0.7782896168238127
236,0.47,0.5114745703873933,0.29102292105002103,0.7695699585795654
237,0.45999999999999996,0.502504673239385,0.2736728142594851,0.7724491469331671
238,0.44999999999999996,0.49304710424154075,0.26993232439560555,0.7553609847241116
239,0.44999999999999996,0.48318031449314214,0.26536922201567914,0.7384837619139737
240,0.44999999999999996,0.4796476573111008,0.2658980888047775,0.72948929234371
241,0.5,0.4767504876933901,0.26655718518524996,0.7218267192441825
242,0.48,0.5077038763365405,0.2951060318676779,0.7552006729843428
243,0.45999999999999996,0.4971604023557721,0.2877039360049485,0.7406868207114681
244,0.43999999999999995,0.48293735766975,0.2766411303497076,0.7225696043258012
245,0.43999999999999995,0.46459486484607315,0.26563537724792896,0.6948310364062222
246,0.43999999999999995,0.4628997447967371,0.26633202926822364,0.6899798898421974
247,0.43999999999999995,0.4603920136432478,0.26525140943340686,0.6856292888605009
248,0.43999999999999995,0.4585401597585159,0.26467198463472164,0.6821274002071311
249,0.44999999999999996,0.4571439114603115,0.26457867341475505,0.6790322526730366
250,0.54,0.46255864564349114,0.27019815458977536,0.6840504642658392
251,0.81,0.5196346574124882,0.3193588916326273,0.7503118421035258
252,0.96,0.7500341131783772,0.5243504113546607,1.0091308235134329
253,0.6400000000000001,0.9370602638694165,0.6888327102365834,1.2217727327985135
254,0.55,0.48561483674378025,0.2674958603958473,0.7412691529138191
255,1.04,0.6009061683638284,0.366491063214351,0.8755340806084233
256,0.7,1.192341411744934,0.8622738371162786,1.5809098371345836
257,1.48,0.7038059649364057,0.4524427765951964,0.9986706622328747
258,1.4500000000000002,1.0511982776348576,0.7554202535755496,1.3968131651678743
259,1.2999999999999998,1.309018479901634,0.9832035558426386,1.6883606197760854
260,2.3799999999999994,1.26241973853096,0.9492524340602182,1.6259005677539502
261,1.62,1.9343586344012715,1.5353475773963665,2.396165745498164
262,1.2599999999999998,1.6708872224019755,1.3133899428547222,2.0836299677118992
263,1.0700000000000003,1.3468189925757752,1.0376579842800306,1.7028870528831028
264,1.0700000000000003,1.097075207167176,0.8348751289450964,1.39674316532024
265,1.0899999999999999,1.041562238141847,0.7981672429275117,1.3179025135732432
266,0.98,1.0421836991790125,0.8091608218290196,1.3052203048351347
267,0.9199999999999999,0.9717871699988367,0.7563164175488406,1.21369259258997
268,0.9199999999999999,0.9145064650649994,0.7137673696381635,1.138758777715298
269,0.8900000000000001,0.8999320258849779,0.7085725932309255,1.1127236368443345
270,0.8900000000000001,0.8776021319210836,0.696051434898703,1.0785865883867798
271,0.8999999999999999,0.872536836369624,0.6984780822949674,1.064433000409021
272,0.8300000000000001,0.8786186380322036,0.7129354459747184,1.0603274895474728
273,0.77,0.8376490019305642,0.6825195513197257,1.007081493732184
274,0.74,0.7886845440589967,0.643414080267521,0.9467962679465007
275,0.73,0.7574180995227373,0.6193679077008054,0.9072369915711238
276,0.78,0.7440333034714848,0.6107775971037643,0.8883129297841361
277,0.8700000000000001,0.7748167391636176,0.6438459955753215,0.9162223627359523
278,0.78,0.8421230021321164,0.709081120962799,0.9855214087629636
279,0.78,0.8041864417283373,0.6759923242500749,0.9421859333233245
280,1.5700000000000003,0.7991603092129473,0.6719777951309518,0.936017229220262
281,1.6600000000000001,1.232036186785885,1.0644510045008904,1.4132253699700357
282,1.3600000000000003,1.4003020437458393,1.205905994502809,1.6118292962475178
283,1.19,1.2571560005171025,1.059466585862702,1.4738217389121617
284,1.06,1.1415399847212289,0.9394794503297048,1.3646517653900196
285,0.97,1.0543897037943042,0.8517304656427145,1.2792286098674492
286,0.8999999999999999,0.9968287463220196,0.7786610188205472,1.24175657977933
287,0.8500000000000001,0.9620562821453984,0.7263127722979275,1.2299926850346252
288,1.02,0.9244391172242643,0.6763982094837357,1.2091803098760328
289,1.8599999999999999,1.0540790220385317,0.7705199539945535,1.383051724020135
290,4.44,1.6828623405967904,1.2516884299013142,2.196601378330104
291,13.620000000000003,4.947907134447671,3.742849529415089,6.459144352061373
292,6.6499999999999995,22.440549863988068,15.807548274206063,31.69122711783887
293,4.27,1.505895480308583,0.7435348768543737,2.601598248243973
294,5.37,3.6420209858470134,2.2313771489194676,5.66847534038222
295,4.37,4.81678518400374,3.008926617435833,7.439912501687736
296,3.4399999999999995,3.3051668931207656,1.9659668994936341,5.24904545657182
297,2.8999999999999995,2.936631574136832,1.7191641372620015,4.69920290508665
298,2.5,2.510246800352264,1.4300904081561496,4.070524354989984
299,2.21,2.251248434916511,1.2550010692545,3.68763253803764
300,2.01,2.038342762830474,1.1105029142789395,3.3740886032362107
301,1.8200000000000003,1.9067691833680955,1.021519384090412,3.1796814573609513
302,1.69,1.7455466395871317,0.9113429018045591,2.9438377818188997
303,1.6100000000000003,1.671502992953228,0.861183117024255,2.834619052836082
304,1.52,1.614378342118282,0.822484929280501,2.750359745600484
305,1.46,1.5348951791045606,0.7680235701508384,2.6343936119015297
306,1.3899999999999997,1.5057344174290739,0.7483723312870703,2.591171547576786
307,1.3200000000000003,1.4396295454275005,0.7028665327356047,2.4951607800767666
308,1.27,1.3943350122249294,0.671628686849316,2.4294937601073374
309,1.2199999999999998,1.364558839234142,0.6512089336997486,2.386087847570349
310,1.17,1.3279580627881513,0.625577185820348,2.333824311372496
311,1.13,1.2767950600178906,0.5904621425164662,2.259301561947238
312,1.1399999999999997,1.2667021385075636,0.5825911173500264,2.2465357149975644
313,1.13,1.296595459558886,0.6024443106625168,2.2914408755246267
314,1.08,1.2572612020274851,0.5753947653892411,2.2342548332129706
315,1.0700000000000003,1.199802805747335,0.5363647363324153,2.1497288825606256
316,1.04,1.2078956311632973,0.5434159589978425,2.1584506365187766
317,1.02,1.1599574614072554,0.5212568902279324,2.0668168309100303
318,1.31,1.1539214880544146,0.5260415455168435,2.0401385796683984
319,1.3200000000000003,1.5648625121366773,0.8321157556518182,2.590668158313831
320,1.2999999999999998,1.3522679378896156,0.6894085460373991,2.2752080392879552
321,1.4299999999999997,1.60625270948414,0.8615690323615635,2.648832284815391
322,2.79,1.4388881409633134,0.7418381112001484,2.414884153633037
323,2.35,4.150473063904166,2.624114681320161,6.319683595757297
324,2.04,2.3920372797927807,1.154584074432154,4.34020326430586
325,1.7999999999999998,2.0194025000703055,0.7913094842174178,4.089456365723275
326,1.6600000000000001,1.77896354506465,0.5852650832266,3.871512320879398
327,1.67,1.6664997846678333,0.48401658438275286,3.791200567742277
328,1.71,1.692002728392985,0.48627401537403925,3.8758698696966114
329,1.6100000000000003,1.7177880741398739,0.49818482531400954,3.9302141438982945
330,1.5499999999999998,1.5996751681366224,0.42844690438277144,3.7312300926903728
331,1.4699999999999998,1.546429123922242,0.3936388166555911,3.652784642379733
332,1.4,1.4716017742379206,0.34646590491769746,3.536925374868246
333,1.3600000000000003,1.4121502418374985,0.30769223064543927,3.4494175715373583
334,1.33,1.3797528697925232,0.28410834424207265,3.4102382378243874
335,1.2800000000000002,1.3539684522868698,0.26460056391633247,3.3817531262214846
336,1.2400000000000002,1.3092389103179949,0.2354719574843711,3.3162326045705477
337,1.23,1.2763840217232425,0.21337868772866564,3.270657023041152
338,1.1799999999999997,1.2685343592200056,0.20511500540426364,3.2703377817749253
339,1.15,1.220757802434588,0.22007641716642712,3.042177315850349
340,1.4699999999999998,1.1964251167272266,0.23748321566116903,2.898463617393524
341,1.33,1.4874507148968905,0.434539672846455,3.313168311869557
342,1.25,1.3302070003155748,0.3719483516794071,2.9577762950573114
343,1.25,1.2759386198270226,0.36285105487125646,2.8007796836679697
344,1.5099999999999998,1.283700267027934,0.3865134414274054,2.7614398489021195
345,4.8,1.5092845408610995,0.5384382212834535,3.092792820599315
346,8.39,4.592012905399914,2.4698210778692777,8.01216738050413
347,5.510000000000001,7.391855349905056,4.185643310182623,12.580424260080855
348,4.17,3.526249158843857,1.7848164331964633,6.356654177891161
349,3.38,3.59462000721689,1.8185326615694244,6.489901855159946
350,2.9600000000000004,2.6693426318604754,1.277687915570981,4.911290681196561
351,2.67,2.741359921079097,1.3455521907043377,4.967794754059019
352,4.41,2.284618308940085,1.0578477215684332,4.242719042010344
353,45.980000000000004,5.582131932694243,3.096011573022797,9.57723104708428
354,41.809999999999995,187.16678263115537,71.75266132217429,485.67275453975526
355,22.01,5.730765659271013,1.5164388295736106,17.00290387654612
356,13.240000000000002,15.210748922600327,5.689824240603533,38.28180639434555
357,9.5,8.83681393870339,3.402929624074126,20.976937340899966
358,7.440000000000003,7.54834529921348,3.111856849781712,16.77158350210186
359,6.1000000000000005,6.057938663009631,2.6106624889868755,12.796498100486751
360,5.32,5.279843436699982,2.3874299284919287,10.641992431418588
361,4.73,4.77934903087906,2.262360468266344,9.23825403281457
362,4.32,4.355262867430678,2.142972715055878,8.12475003104568
363,3.95,4.090710487311931,2.0869407329820358,7.395150897695737
364,4.93,3.797239156917226,1.9897207173382458,6.69754291603159
365,11.300000000000002,5.1483791950107465,2.9165183596751096,8.652084646113304
366,10.669999999999998,12.340367878028482,7.619180229726572,19.64760341213793
367,10.729999999999999,7.743834479903072,4.716879034129404,12.373492941780379
368,12.999999999999996,9.74677436724216,6.092736947322877,15.283299403061257
369,12.220000000000002,11.251670959595623,7.129919773930672,17.46309010127247
370,41.589999999999996,9.892003068038168,6.38691146546913,15.06026163826759
371,49.65999999999999,46.31050222377831,31.62030541578787,67.61626806175848
372,29.039999999999996,29.382225035511148,20.159018015412464,42.625824101858555
373,18.49,19.20279801406789,13.139678971710904,27.865793092885117
374,15.300000000000004,13.665228095387521,9.196756595413866,20.09189457228721
375,26.93,12.960087424461186,8.593035037033408,19.315159920323417
376,21.720000000000002,25.624709548273092,17.011466838307722,38.35688108545562
377,16.190000000000005,15.050366562583942,9.63198993889207,23.230108218119508
378,11.719999999999997,14.124776489796163,8.807935445196783,22.323854968715185
379,9.299999999999999,10.375146467721263,6.2581800782666726,16.827328030832234
380,7.919999999999998,9.31461614854159,5.491290106949225,15.389855412232798
381,6.669999999999999,8.296214568037735,4.768825612172783,13.980450286561489
382,7.059999999999997,7.369424798702189,4.12944507615446,12.655916073020036
383,7.77,8.62767970982399,4.673157888744761,15.33873380800011
384,8.66,9.887958893529005,5.090198734038927,18.465316986225552
385,10.950000000000001,9.67068745725715,5.046888865649241,17.83010806719032
386,14.549999999999999,12.23270836837669,5.215698445975322,27.17134265512623
387,21.479999999999997,15.068934481903543,5.428130835905871,39.16885498680441
388,27.130000000000003,21.210935135256587,6.74002021802537,62.73699624630084
389,20.7,24.22040321199981,6.8070280587525165,80.47386347135632
390,17.830000000000002,16.629287972643723,4.882009670881097,51.83768844532441
391,17.78,16.42079544429902,5.202442999768724,47.92977072476535
392,26.570000000000004,16.542292818394255,5.569387797501659,45.84333560629763
393,20.140000000000004,26.55742400154675,10.047614501953786,67.73987298042684
394,16.65,16.040433261245358,6.226339086505855,39.18305289232732
395,17.27,15.906209080793179,6.455217247888355,37.338239648811104
396,28.25,16.56839874595221,6.983708549644511,37.659807353628686
397,21.560000000000002,27.565968526741873,12.273698251328703,60.47605154344412
398,14.529999999999998,17.593646744971753,7.758471594583106,38.47306279906417
399,11.0,14.080433753138086,6.171285734574486,30.712511619268312
400,10.64,11.606618153995996,5.064726759661844,25.20510825610927
401,19.859999999999996,12.2276429814546,5.435045874263569,26.190255091203824
402,31.689999999999998,23.459884763263382,11.169103303558344,48.16434249162636
403,30.06,31.117399517047616,13.985519086624306,67.8349429722702
404,19.52,24.96978197451351,10.473850902879846,57.77970539380898
405,13.790000000000001,16.51580362718389,6.3831323061456295,40.55463616041241
406,10.72,13.341763510317424,4.79083483756484,34.51926213671247
407,8.909999999999998,10.901141571591657,3.6284278598101114,29.601572498718394
408,7.67,9.615276315207948,2.992789064931021,27.221899383047308
409,6.999999999999998,8.396507004395904,2.428540790165331,24.752747097812293
410,7.059999999999997,7.811519664898974,2.1269825307966572,23.829968840638305
411,7.309999999999999,7.961577457310149,2.102275751615151,24.88740555431198
412,6.570000000000001,8.111578949159158,2.0869563436330143,25.894086506274878
413,5.9399999999999995,6.880651485624763,1.6209631937701028,22.69536053978149
414,5.43,6.486557245592052,1.642365445287992,20.21150179717783
415,4.97,5.920118990440503,1.5661469631855933,17.66145919499773
416,4.58,5.460303123183493,1.4926684829093237,15.743308117212074
417,4.27,5.0421326406362965,1.4092084225090455,14.153262169415102
418,4.94,4.707720142129078,1.332248230527925,12.968525645956499
419,4.93,5.801207090606735,1.8500771583221765,15.22988267326426
420,4.56,5.1747840238329905,1.6665422685868165,13.29865117465014
421,4.360000000000001,4.875720326276259,1.626367788234564,12.145184580497379
422,4.16,4.678314600726348,1.6206025470871488,11.303756912951577
423,4.080000000000001,4.438941233122249,1.5816677450683412,10.458516222262475
424,4.91,4.300050216686248,1.5281289644940936,10.11119436306809
425,4.49,6.2113049100157385,2.3035883032655993,14.741343572930134
426,4.27,3.6277088779133377,1.0631496652358248,9.380094968180625
427,4.539999999999999,5.1836975591215335,1.778033260890198,12.764455610021216
428,5.3100000000000005,4.627519388701741,1.614870207307248,11.111107611274607
429,4.92,6.068041160108623,2.3868904010681757,13.75016901203354
430,5.2700000000000005,4.450308811622232,1.6695722347751905,10.1275753302658
431,5.17,6.038832993569539,2.5252010746410756,13.054565643864057
432,4.88,4.834511921133831,1.9725537698237723,10.45194738054173
433,4.57,5.036906215290978,2.1327810042170268,10.633190000565428
434,4.260000000000001,4.488736436941555,1.8940714865421788,9.409634943124551
435,3.9800000000000004,4.22511360456482,1.7955665931500606,8.76611047202583
436,3.6899999999999995,3.9384881687339535,1.6674133075738848,8.143189517528379
437,3.59,3.653561943776044,1.5283238766319998,7.565215463379763
438,3.4700000000000006,3.6253347560481064,1.5214622796622375,7.484648681071047
439,3.21,3.493754647357762,1.4531079741118385,7.231937217504981
440,3.09,3.2186814184346373,1.3030488010634862,6.7277011681330325
441,3.0199999999999996,3.1337472604647774,1.2545248501289215,6.579364854826466
442,2.9600000000000004,3.0647632033825527,1.2177284457725785,6.450100543674544
443,2.8400000000000003,2.995416260925258,1.18350868962857,6.310871339276164
444,2.73,2.868467384178425,1.1158433439090238,6.072848727450838
445,2.6400000000000006,2.765165030330352,1.0596613901173257,5.882911809506231
446,2.5699999999999994,2.6781651774401287,1.037777441537779,5.639046441854704
447,2.81,2.6086594369799663,1.0199092136459411,5.447033779601937
448,3.1799999999999997,2.8610145215443117,1.1739676965329031,5.8572468484011
449,3.2200000000000006,3.2876650978040525,1.4173808075413747,6.604954889016747
450,3.1899999999999995,3.2570242979919417,1.4123047662867827,6.512423855792086
451,3.16,3.224248101300324,1.40442476513928,6.421430805428315
452,3.5600000000000005,3.1931540106281915,1.39290099119683,6.347792750945883
453,10.09,3.6301666826010255,1.6704160423571142,7.028128639365637
454,15.679999999999996,13.239890168554833,7.155436388633932,23.863718181298957
455,13.260000000000002,12.343393157119328,6.627042226588573,22.344061256770498
456,10.259999999999998,11.332130953560016,6.199285703329225,20.12451986527286
457,8.260000000000002,8.305770247528525,4.497034004793749,14.753469930196708
458,6.849999999999998,7.330159835484171,4.0159978058599,12.8340496887075
459,5.879999999999999,6.021156795344994,3.3293019031656943,10.386741753623658
460,5.2299999999999995,5.519396076611425,3.099049043397094,9.368874525227051
461,4.650000000000001,4.913454657145726,2.7845605377802185,8.23989605478184
462,4.24,4.462833751602804,2.547326344108448,7.412688797920881
463,3.9399999999999995,4.155053971695974,2.39103699255114,6.836712341821399
464,3.7300000000000004,3.9049145758605386,2.2605943297556808,6.378466795742685
465,3.62,3.745706364213415,2.183010320232455,6.0756066206191095
466,3.5500000000000007,3.674603002962268,2.1572435590525023,5.921199719498888
467,3.34,3.606874520201064,2.1325271809113495,5.77513445827572
468,3.1500000000000004,3.3280070969173794,1.9140929659102528,5.42795053215337
469,3.0,3.212999118919244,1.8862964326983542,5.1495282933987205
470,2.88,3.0554016852015744,1.759332123788231,4.960240409826783
471,2.7699999999999996,2.9653752114401706,1.7622126045219315,4.692610533223468
472,2.7000000000000006,2.845442551102037,1.6932541629890316,4.490543230949557
473,2.67,2.809311090010897,1.7440970096422586,4.288024049256099
474,2.62,2.7811088080640727,1.718041720486399,4.259957457849939
475,2.53,2.7171960117831357,1.7372197634751116,4.048022221085387
476,2.46,2.611192148591475,1.7136721297895,3.805557971021461
477,2.5999999999999996,2.5671033071109632,1.7266057784305255,3.666690764121472
478,2.81,2.8124859519291534,1.9563161741776276,3.9166084671915797
479,2.5199999999999996,2.9773496907683206,2.1205157503297367,4.069453843001199
480,3.0299999999999994,2.434870195731393,1.7273407257819198,3.325947671294819
481,2.76,3.7212804430463056,2.775289120674671,4.904313102755969
482,3.3200000000000003,2.334041789669112,1.6755726037740635,3.1545628922872178
483,2.9299999999999997,4.411749526416125,3.361826703124608,5.714396267895122
484,2.72,2.422278856375569,1.7766265568202502,3.2180654586145225
485,2.66,2.760274719200318,2.0973264910273306,3.5651196297252934
486,2.46,2.6709049313295,1.7366427369076693,3.924114804289811
487,3.2200000000000006,2.43737596660372,1.352879046296203,4.021742853456226
488,5.21,3.3788006185909207,1.8636653380737123,5.695578076965461
489,4.789999999999999,5.795458947655852,3.6024076178555378,9.033501189708277
490,4.07,4.640713017261902,2.8552574967019253,7.253052713165609
491,3.6799999999999997,3.919886876880822,2.384774405317935,6.15122604427473
492,3.2799999999999994,3.5875764317850445,2.1504935881683434,5.680177860544511
493,3.0,3.21714802204946,1.869255810828637,5.198240454112589
494,2.7699999999999996,3.0101945271857726,1.691864089294162,4.9741723996502065
495,2.6100000000000003,2.828681651457487,1.5310275954374477,4.791640997763872
496,2.5,2.71307147910072,1.4183795547968736,4.700883379354077
497,2.55,2.6269916806825084,1.3315141834395496,4.642285492054442
498,2.98,2.692519910015881,1.3448008276491823,4.814866288465694
499,2.91,3.0799027310541556,1.5561082494671448,5.512089735766534
500,2.65,2.888750564209769,1.4033271088774009,5.292269119248396
501,2.6100000000000003,2.6965035214310182,1.259312711101686,5.047918119882134
502,3.5199999999999996,2.7086567807009363,1.3225181825161978,4.922078552744812
503,3.1500000000000004,3.5426718201319245,1.9150780497077435,6.0790102060867905
504,2.9199999999999995,2.9680636463736865,1.5908484710848785,5.077363951385098
505,2.7699999999999996,2.925084029240734,1.5985940656412958,4.928699999858817
506,2.85,2.810114440744135,1.5518128024799216,4.688885970577074
507,2.91,2.914051481931386,1.6450336886470551,4.791910730273313
508,2.7699999999999996,2.9375311104639166,1.677420232596603,4.79070519342234
509,2.6400000000000006,2.8216258117321678,1.6092340617362972,4.597360566103782
510,2.59,2.7558222148485814,1.5678439120197232,4.493402633828685
511,2.59,2.715785173861326,1.5508495306897165,4.4127298737822445
512,2.43,2.7363687790402658,1.570394316125752,4.431249036540375
513,2.31,2.535065138910357,1.4792051242491904,4.040601688867448
514,2.19,2.4800244905389315,1.4964528874372824,3.8511111568313137
515,2.3300000000000005,2.338752927966351,1.447469026647128,3.554611720367678
516,2.35,2.549295697483437,1.649537472179356,3.7546034281268224
517,2.13,2.453066938570247,1.618198043807047,3.5541517802484606
518,2.02,2.217191011296471,1.4705038451101742,3.1895575364729813
519,1.9299999999999997,2.1699538178942355,1.4630162949301706,3.0797972909339313
520,1.88,1.9453808635852305,1.304268582642902,2.764868599485873
521,1.8200000000000003,1.9109289526763917,1.2454003100989746,2.7737179109751575
522,1.9100000000000001,1.8582050558576806,1.1745443924713608,2.7568035721018274
523,2.15,1.9880370557491291,1.2425419764884618,2.981359341380366
524,2.24,2.2492126349635293,1.4072741508983335,3.385617127682318
525,3.3599999999999994,2.2923329365217726,1.4085974665800598,3.500318677282718
526,3.4800000000000004,3.3639804968331903,2.1553977191727665,5.035475547511395
527,3.1500000000000004,3.2366260146364425,2.0359164553759315,4.912218024349974
528,3.0299999999999994,2.9618504871919673,1.817049825627306,4.571878473739084
529,3.4300000000000006,2.9150195003568267,1.843249049391634,4.390796733565706
530,4.459999999999999,3.3542883877322955,2.222161536111523,4.884195174901402
531,6.249999999999999,4.43796040411902,3.0880422277189625,6.233636961051279
532,8.500000000000002,6.528618723024901,4.732269362353377,8.887898892003767
533,6.440000000000001,9.062213384057575,6.730890203450783,12.09656915591868
534,5.09,4.9813422421071465,3.6309321043705847,6.725540822213787
535,4.4,4.812663372628962,3.5323756345079858,6.4546017823984005
536,3.9399999999999995,4.012963035393705,2.932286375801519,5.390632825947589
537,3.59,3.763410421994582,2.754993719655283,5.042640958251616
538,3.24,3.4191139968050592,2.498061554742991,4.582682926285209
539,2.89,3.1204287994538182,2.2730643196230607,4.187167691627791
540,2.54,2.792165638477105,2.0205150425055796,3.7609497146279844
541,2.45,2.4723156526349945,1.7712873153858482,3.350677002920315
542,2.3,2.5037891435477895,1.8009235721103747,3.3830322557475254
543,2.21,2.2778373699186267,1.6235366840464023,3.09531831171644
544,2.2,2.2609483500680074,1.6122234835637452,3.0707788628038983
545,2.07,2.2509148047698013,1.6058700323251838,3.055630916650662
546,1.9899999999999998,2.0649820259475082,1.457287862501477,2.8229606562326994
547,2.03,2.0431949527162656,1.4410556986978276,2.7938648942660422
548,2.0000000000000004,2.114824499472526,1.4995653075365403,2.881527573318843
549,1.8599999999999999,2.0285289878163946,1.4308794544584176,2.7731150400000604
550,1.7800000000000002,1.8645278281182542,1.2989392473140358,2.5692633842546284
551,1.7200000000000002,1.826219181388781,1.2677491615880245,2.5222215033943605
552,1.65,1.7538561419416356,1.2119169680875346,2.4285751951469963
553,1.6799999999999997,1.6858597024321864,1.1590172308253632,2.3412620511561912
554,1.67,1.7607102304747606,1.2207637725797555,2.4319368276592734
555,1.6,1.709393295731553,1.185921568634288,2.35822297391093
556,1.5300000000000002,1.6266465581437441,1.1141508034504652,2.2633774895093604
557,1.46,1.5565334929747476,1.0610429670818973,2.1711437389174795
558,1.44,1.4840153681147141,0.979219640103999,2.1175581648461486
559,1.38,1.4906294108807288,0.9642865862674701,2.1580090734781474
560,1.3200000000000003,1.3861304465337336,0.8651636127693443,2.0526107569842336
561,1.27,1.3492659921680166,0.8221693932760883,2.028835146898414
562,1.2400000000000002,1.2490882179300962,0.6154572085961851,2.131248407642855
563,1.2199999999999998,1.2987965341952465,0.6431642170382865,2.216030053985131
564,1.19,1.2086583703027713,0.5004543349529684,2.25112979653686
565,1.15,1.185934875149989,0.5048741575658635,2.1752231602713707
566,1.13,1.1226893014999915,0.39251370326736623,2.2357382624890367
567,1.1100000000000003,1.1413822474192008,0.4232714264448838,2.2218154909608745
568,1.0899999999999999,1.0815259912333746,0.26748448370284894,2.418385398709039
569,1.08,1.103647418096763,0.20139991572781524,2.683479915165704
570,1.0700000000000003,1.0589678445888993,0.11351960911142167,2.807161140551461
571,1.04,1.0854085182109943,0.12713500528941357,2.8583920004421333
572,1.0,1.0193488263442454,0.141034247752033,2.573748720068264
573,0.97,0.9888012061582161,0.17027142770976833,2.3798400473273045
574,0.94,0.9593876185433485,0.19071480673658336,2.2242815978942505
575,0.9199999999999999,0.9282329128131179,0.20812717557753313,2.0775585892092603
576,0.8999999999999999,0.9158999898000169,0.2271373861147814,1.991248422914861
577,0.8700000000000001,0.8895066987412976,0.23821127321004187,1.8833815697158545
578,0.8700000000000001,0.857032580739739,0.23852082163210486,1.7844263460863092
579,0.8700000000000001,0.8829723259266702,0.27515005702802453,1.7805235632183884
580,0.8500000000000001,0.8620559514637458,0.2765150664849627,1.7161860109720841
581,0.8399999999999999,0.8421661012841197,0.27974568503865704,1.6517580675552934
582,0.8199999999999998,0.8404262899664916,0.287301795747531,1.6312158811468986
583,0.8599999999999999,0.8064593986404245,0.27361950359592835,1.5622217229892903
584,0.8300000000000001,0.8971834679029187,0.3472582785035456,1.671577653901699
585,0.8,0.8049823929597031,0.3075111587317898,1.491727445029662
586,0.79,0.8004238088707183,0.3268581147914156,1.4430086799884538
587,0.76,0.7867025403094323,0.33602871687997315,1.389399215162956
588,0.75,0.748665616498611,0.3234174390607638,1.3105570079948663
589,0.74,0.7526570732478652,0.340437743899342,1.2916445246236257
590,0.73,0.7354066398186954,0.3390700733579952,1.2490504906696285
591,0.71,0.7288911617164142,0.34365054650593296,1.2245848497096072
592,0.7,0.7034599246746542,0.3374818965888604,1.1695813022765567
593,0.6800000000000002,0.6998828136128563,0.34548091387831015,1.1476347603379722
594,0.6600000000000001,0.6736941300789991,0.3332941829089351,1.1010007220981217
595,0.6600000000000001,0.655989363212693,0.32693597104606975,1.0666413684691425
596,0.6600000000000001,0.6628562812490084,0.33821547961639986,1.066252449031524
597,0.6600000000000001,0.6603707813739546,0.3404608330211858,1.0566293797834412
598,0.8,0.661275900296147,0.3485293434132142,1.046553625536578
599,0.8999999999999999,0.861387282548965,0.5132066878744073,1.2896823305096232
600,0.71,0.9104688062970796,0.5576725919879557,1.34316959713342
601,0.6600000000000001,0.598080031292306,0.267059430643807,1.0155801098592296
602,0.6499999999999999,0.7473540937677909,0.38368999388330005,1.2065971008709684
603,0.6299999999999999,0.6517454831282501,0.3272857182766129,1.0555206037905949
604,0.6200000000000001,0.6538691282422344,0.3424584313534762,1.037517907049827
605,0.6099999999999999,0.6358875319725055,0.34070249405524944,0.9960640254860402
606,0.6099999999999999,0.6296623494620994,0.34929851714281424,0.9682815474207116
607,0.6000000000000001,0.63225754595073,0.36295701634639754,0.9547679525910835
608,0.6000000000000001,0.6158574653973521,0.36313952327500654,0.9154278075712428
609,0.5899999999999999,0.6234858506510188,0.38160351966573725,0.90771539717975
610,0.5800000000000001,0.6042726471115458,0.37605460315795636,0.870340552158201
611,0.5699999999999998,0.5991181492377713,0.3832347957206732,0.8486947141098558
612,0.56,0.5868749170537653,0.3803308676271995,0.8243249219682771
613,0.56,0.5786160969296574,0.3785880661515184,0.8076674553278271
614,0.5699999999999998,0.5821731557821215,0.3870023523055377,0.8048072454358182
615,0.54,0.5921654065864692,0.40026742377491287,0.8103618200991198
616,0.52,0.5421970801629428,0.36173452085595326,0.7465752667914445
617,0.51,0.544321124316387,0.3674288719673391,0.7440963723243617
618,0.5,0.5258936499120308,0.3568249015466525,0.7160294067331447
619,0.5,0.520388919466243,0.3555986922568537,0.7052114904207507
620,0.52,0.5214577070641995,0.36224885120158157,0.6992736329659852
621,0.53,0.5478368061112495,0.3923400424006136,0.7206994738310764
622,0.53,0.5443320612169966,0.3936887328698544,0.7112583743083543
623,0.55,0.5451503355135796,0.4002783928799165,0.7050106403680481
624,0.53,0.5713755794191131,0.4266265986810689,0.7308111413859621
625,0.52,0.52732692697256,0.3903824813972483,0.6777595899447733
626,0.54,0.5395187540393982,0.40343764579452945,0.6887946544267192
627,0.8700000000000001,0.5576060978353479,0.4239495414592038,0.703808095283809
628,0.6800000000000002,0.9530735477404635,0.7817930252443746,1.1408189553106816
629,0.5899999999999999,0.6660084082797166,0.5125716051619198,0.8350099968732325
630,0.56,0.6002176028636039,0.4513078414159448,0.7644060780490496
631,2.5699999999999994,0.5739055255679475,0.4250895896405191,0.7382616653863767
632,4.15,0.9412431328330508,0.7540269838851119,1.1484418058521202
633,3.4300000000000006,3.507489164244843,3.0661463494545362,3.996735685253979
634,3.05,2.703382483107283,2.336552933633713,3.1105422539331133
635,2.49,2.660212280277171,2.292218766519661,3.0693389129952884
636,1.88,2.0605544188125426,1.7494627067614594,2.406845027385801
637,1.58,1.5845780045284314,1.3379242860111091,1.8572539758716662
638,1.3600000000000003,1.42356924078809,1.2054051710039633,1.6633146335737887
639,1.2000000000000002,1.2323389283763504,1.0417516155303854,1.4407166147141512
640,1.1,1.122409445580535,0.949781590756487,1.3103212565166058
641,1.0300000000000002,1.0499823391160574,0.8904482911108211,1.2229793908927333
642,0.98,0.9975328097877589,0.8482190472623434,1.1589093198065084
643,0.9300000000000002,0.9606992777920074,0.8194449153582928,1.1129200590153925
644,0.8900000000000001,0.9168730666147185,0.7833413648942253,1.0604032552852565
645,0.8500000000000001,0.8881966039434115,0.7606477623357326,1.0249856282517338
646,0.8300000000000001,0.8535072284585759,0.7318841338934607,0.9836714123737855
647,0.8199999999999998,0.8453633114995578,0.7274159462826348,0.9713640821464535
648,3.5700000000000003,0.8378080459638086,0.7229981607566234,0.9602681481250841
649,4.809999999999999,4.499774882656373,4.134994224258492,4.89046889614871
650,8.74,3.492704114394283,3.178326821740532,3.8307351532370735
651,5.78,8.87659997115983,8.180749758549448,9.625191793238328
652,5.07,4.26316977093109,3.8770469330714015,4.679862510611045
653,3.8499999999999996,4.402281542622557,3.9926789399829756,4.845488207150742
654,3.17,3.2350189097147464,2.901739844457939,3.596766027626633
655,2.8999999999999995,2.811619328056829,2.4994665817178623,3.1516161285599384
656,2.99,2.64615816246129,2.3353933813702152,2.985877473985267
657,3.2799999999999994,2.7848661434830118,2.4480113384423428,3.1546301093532527
658,2.9700000000000006,3.0530600685890867,2.676381470120286,3.4683328030847393
659,2.6800000000000006,2.703260301855174,2.337760292869882,3.1087842325264017
660,2.4099999999999997,2.506037032492136,2.144096771086901,2.9096429175609853
661,2.24,2.2916384655989517,1.89344730474313,2.744627998045572
662,2.55,2.172139219144315,1.7426133965995385,2.6689338855084617
663,2.25,2.5667529083626888,2.0416474103270383,3.1825118408270265
664,2.1,2.2397599316498074,1.5459970442079691,3.1225673999117953
665,1.9699999999999998,2.1313130025903804,1.2956907880033404,3.2710983427866234
666,1.85,2.006994752984558,1.1367297559300367,3.2317084878808267
667,1.7599999999999993,1.8937595202174342,1.008835433953915,3.1685067971780603
668,1.8200000000000003,1.8047573232649885,0.971690479591,2.9898065765578057
669,1.6799999999999997,1.8696500761869665,1.0381189027198716,3.0404372624042653
670,1.6,1.7131039841668771,0.942713994993921,2.7889948020502198
671,1.52,1.650667917295705,0.910934431196162,2.676756404134052
672,2.0500000000000003,1.576762398514997,0.8681934369189883,2.554077606305541
673,4.05,2.131915653418425,1.2830606245904175,3.296379848383168
674,12.569999999999997,4.044685577909695,2.715039100868384,5.850224691853565
675,15.139999999999997,13.087267751895958,9.445416261873376,17.99887067574038
676,9.839999999999998,12.236774900923601,8.871110217377035,16.750000346392508
677,6.59,7.355707362299022,5.238980008581284,10.190586510671373
678,5.01,5.310950379135873,3.6953233804166024,7.482503005869935
679,4.83,4.328699617163482,2.9577742798374,6.174496977913762
680,4.6,4.689811816078213,3.1926186164612247,6.721655953936601
681,4.27,4.244072115083255,2.60871818753685,6.6205153517305355
682,19.58,4.179258553123126,2.339727715578986,7.03200782955105
683,15.670000000000002,36.65309154785504,22.1334857086794,60.28584861637293
684,21.110000000000003,9.39092860273767,5.186007597095496,16.454132658661372
685,19.640000000000004,18.657087056903816,10.473281795828967,32.678338808270965
686,16.310000000000002,16.346036771499868,8.944286728806,29.257071209204014
687,18.429999999999996,13.8170812318903,7.365323495333403,25.244758658157036
688,22.069999999999997,16.51736772356147,8.746345743550853,30.484433246739773
689,16.160000000000004,19.9284847441389,10.48860565808377,37.124859249343466
690,11.51,13.792741124847764,7.04075667142536,26.214502182911076
691,8.9,10.13256810958789,5.007163792953393,19.631046028741913
692,7.570000000000002,8.117439974814596,4.012814950828911,15.583040169994966
693,6.9700000000000015,7.120603677240707,3.535752799902558,13.538756187116718
694,7.609999999999998,6.713447708459105,3.3692351692996523,12.617320479609225
695,7.100000000000001,7.463369581549342,3.8536261062085506,13.757754945785877
696,6.390000000000001,6.812971166640151,3.5285978390737895,12.479341866937572
697,5.72,6.21949036210537,3.223344660636564,11.341176313248463
698,5.09,5.652866579905494,2.9232211711788865,10.281707504836788
699,6.529999999999999,5.1191649014181575,2.633904887259201,9.304116440149704
700,6.17,6.821943677412348,3.682344545903211,12.066702437808111
701,5.59,6.112677524922765,3.289356839029879,10.79435133799299
702,4.94,5.714419034182898,3.0790708369320763,10.052375594561981
703,4.38,5.185787319686073,2.7854885682717816,9.10806506856206
704,4.01,4.876027893222912,2.6293702311241725,8.513414615526555
705,3.7300000000000004,4.7086238384103565,2.566505604255484,8.137343311498844
706,3.4499999999999993,4.333999879039983,2.3815136879872996,7.413851705131828
707,3.5199999999999996,3.9957138933989125,1.9771976360408052,7.382768077798133
708,3.92,3.991864404296445,1.8080459058452725,7.874039480270147
709,3.5500000000000007,4.273622166544739,1.8126635688811823,8.887812770488825
710,3.5500000000000007,3.8689732773855923,1.4734924644131495,8.58438366680838
711,3.3499999999999996,3.8406379386105467,1.4371466769163268,8.614429806236991
712,3.4700000000000006,3.6342185761482853,1.3116718438520327,8.290238088348879
713,3.62,3.724786475130439,1.336994103859825,8.552273665862232
714,4.35,3.733160239475863,1.4091597010920052,8.299012366179225
715,8.37,4.854539042199032,1.690124995039446,11.741276877407758
716,15.469999999999995,11.453724501237051,4.256686625416213,28.504375094916742
717,12.919999999999998,18.286649117653635,6.570416628265753,48.135318761538564
718,15.189999999999998,9.960615843786114,3.051990135862881,28.648418591096135
719,24.58,17.37019582826546,5.891720068878022,47.96659925187022
720,17.840000000000003,27.276893128895455,9.054026914247697,78.52860001696192
721,15.379999999999999,12.233595764082638,3.5427641169334105,37.55099061700038
722,11.140000000000002,16.474017462893343,4.757506581151709,52.03359744183259
723,8.630000000000003,8.932894392201112,2.444514423885336,27.643338034082394
724,7.26,8.172475286560989,2.3160399743325097,24.37192058413216
725,7.830000000000002,6.7531653425061045,1.911181957206903,19.64851105559582
726,7.67,8.146665264555244,2.544578772629696,22.602659392939277
727,6.820000000000001,7.3188896186958505,2.3088116731071695,19.915038788852858
728,5.96,6.570904944282249,2.0984224534129012,17.499285535521846
729,11.639999999999999,5.774893914472603,1.8403355911560961,15.159776223370724
730,25.669999999999998,14.267625727762857,5.568740411196651,34.486315605609626
731,19.71,27.814838620800103,11.243129590021585,66.81721279985973
732,26.87,13.146990615852818,5.012524509170241,32.286740566259695
733,50.650000000000006,29.071883191370993,12.175204336958513,67.6378848894743
734,43.269999999999996,50.96646242455295,21.262928444766004,120.30089820045046
735,32.55,30.993334986399024,12.350517426934704,75.6691994639011
736,32.64999999999999,27.60777499378155,10.675869900346278,69.09368869985106
737,22.58,30.447274101253015,11.64935592840605,77.18034799531127
738,15.700000000000003,16.06863324348924,5.799752580544555,41.845417880986254
739,11.74,14.214195854933514,5.010977261860069,37.50817353460564
740,9.539999999999997,10.001398782302486,3.323848220454715,26.99144858847948
741,9.440000000000001,9.39720756386327,3.065173521588756,25.592204379951557
742,36.26,9.69850502821162,3.366696651702136,25.21157798860466
743,48.15999999999999,62.34504855710228,24.80518857380174,154.495673485423
744,23.92,29.110824342438914,11.403935243071123,72.0946852602827
745,15.899999999999995,18.01467301285953,6.977810463530156,44.3204286362527
746,11.76,14.115080752431506,5.503708132211122,34.128523837193164
747,9.450000000000001,11.798614955355076,4.533132236203612,28.60430688853878
748,7.839999999999998,10.486951860212322,4.261990052056814,24.076076110645342
749,6.749999999999999,8.940059993209465,3.796646446339076,19.59872324840904
750,6.02,8.017116803886008,3.5282393910220806,16.955851807687026
751,5.45,7.199385490735731,3.28370992471893,14.69432188620914
752,4.93,6.525875146308317,3.106560334024432,12.792271904188768
753,4.51,5.890619778432177,2.8762871153817318,11.249000014088194
754,4.29,5.382871275951848,2.714976848610188,9.966702454851863
755,4.03,5.143737878776868,2.675884371998996,9.268417421027625
756,3.76,4.6842849266608075,2.477115954529626,8.292498596537085
757,3.63,4.417611240213535,2.3760912055919405,7.693637038440707
758,3.76,4.298104032337037,2.3522113208771156,7.373549174137809
759,3.49,4.517755664513638,2.5355428319687534,7.611302145169828
760,3.6899999999999995,3.838727366219765,2.1318306379732705,6.475909533778529
761,4.59,4.539202850858485,2.617293999195163,7.482243420022149
762,16.43,5.505692595320511,3.1417402800494747,9.218901544522376
763,25.84,29.452740271126974,18.093692227709486,47.5694112464474
764,17.79,20.334738115491298,12.544763645361023,32.60494596836244
765,12.95,15.113032899315293,9.024910983148644,24.89846729321001
766,13.689999999999998,11.842302234141695,6.8502693362546685,20.008798502157592
767,13.880000000000004,14.5814958224517,8.434532556868913,24.73344366577219
768,14.470000000000004,12.796835263916137,7.286554678082508,21.971267395738355
769,12.06,14.567059303656823,8.278372562182756,25.11808630656657
770,9.670000000000002,10.277412052743111,5.681460026039627,18.034765172836092
771,7.950000000000001,9.421615173149217,5.122033725277956,16.74084686413302
772,6.820000000000001,7.450800286115646,3.9257716198587307,13.498444302186398
773,6.050000000000001,7.003275605341424,3.6144466979887824,12.880845225272738
774,5.510000000000001,6.152473107561422,3.098242326433354,11.482881069385508
775,5.260000000000001,5.663812956024702,2.444659417769126,11.891376977304107
776,11.43,5.523864743032947,2.0807314089094,12.81516449707479
777,14.789999999999997,15.801846153139493,6.739009841086627,35.4777975413623
778,11.799999999999999,12.327260228102494,5.13128460577913,27.96878494600433
779,9.620000000000001,10.359486630375377,4.308946074145374,23.305753854629106
780,8.969999999999999,8.6985844085393,3.590436388588892,19.490979847446834
781,8.05,8.74605525810329,3.6629461080388674,19.37029613751029
782,8.750000000000002,7.565563717204949,3.1347314895765903,16.744533587841534
783,40.879999999999995,9.139770274769884,3.935580868107796,19.831376077629564
784,32.62,63.620744376073645,28.535383164730646,140.38433825041378
785,18.78,15.988591273717436,6.869456365277767,35.674989995352895
786,14.549999999999999,14.974698174511609,6.474785361471077,33.14024208402442
787,15.21,12.079283813647626,5.165879307925655,26.74424482458705
788,12.48,14.11072896669855,6.16915741255492,30.849507099000874
789,9.959999999999999,10.727800640188326,4.657915167955282,23.309538721081225
790,8.719999999999999,9.7683329561774,4.2570587079042514,21.05739009167791
791,7.469999999999999,9.00816277008581,3.9355834109338543,19.294120004261043
792,6.710000000000001,8.341540265750057,3.6299855572183555,17.847655885358115
793,6.450000000000001,8.006482248546748,3.4869908957633173,17.078200820505188
794,7.66,7.904573893163276,3.51835387637649,16.54874416396819
795,7.780000000000003,9.249851664064519,4.086345754338436,19.655194162865346
796,7.66,8.666393913238247,3.703966978388073,18.863908848677458
797,6.950000000000001,8.605461144540673,3.5910875398332287,19.096520268622918
798,6.21,7.78513947407729,3.128338769201333,17.69485037293148
799,5.59,7.212781024150777,2.7975277282795825,16.761495630002482
800,5.02,6.634164735815486,2.4741235034330122,15.775589916702128
801,4.57,6.062363027205847,2.1618378965038074,14.774676995046274
802,4.260000000000001,5.5761042637617715,1.8938127676590568,13.944003209595628
803,4.42,5.207018362556619,1.7399913539427794,13.061021359675296
804,4.33,5.396972487290635,1.8335825082672934,13.441526542375598
805,3.999999999999999,5.105382953161346,1.7146793780899419,12.731161516016847
806,3.7699999999999996,4.737647867882553,1.6060075338365816,11.632581689950559
807,3.9399999999999995,4.457227743126561,1.5369390533104847,10.739081631262744
808,4.34,4.662608221131947,1.658721801328447,11.060356164383041
809,5.910000000000001,5.026963657656733,1.8899990867346603,11.568962771457814
810,6.430000000000001,6.726809250180548,2.773797437131228,14.82055798788746
811,8.79,6.720464415938103,2.8267203793522038,14.576150042051584
812,7.839999999999998,9.20435041922252,4.126276526816341,19.312748821405403
813,7.370000000000001,7.557358235105751,3.345213923276706,15.852652425616604
814,7.720000000000001,7.950789472364178,3.5778312804587475,16.501001515843736
815,7.219999999999997,7.8848037200948955,3.5411512786185755,16.383199171604275
816,6.400000000000001,7.074992225058523,2.7004738374751747,16.620851355415923
817,7.27,6.320002939866282,2.042431564551675,16.61171678073449
818,7.91,7.661806052976093,2.3900335819936607,21.131604978157878
819,6.909999999999999,8.022721611965775,2.369897264976718,23.157859687036108
820,6.059999999999999,6.673837131292773,1.832229957661304,19.792018020398984
821,5.45,5.980685639104596,1.5522039211084677,18.093290935324962
822,4.990000000000001,5.443862558301543,1.3363360011079322,16.77285657995656
823,4.56,5.045161391569948,1.1754373772337305,15.798450110569004
824,4.260000000000001,4.640033908262134,1.0146865160931768,14.78904818801868
825,4.02,4.372879222950042,0.9070673372854625,14.137289900575293
826,3.7699999999999996,4.127247577602783,0.9183113855715839,12.704066982952604
827,3.58,3.8682342907500873,0.904091421586277,11.446726475922596
828,3.7200000000000006,3.6897338950266896,0.9042207660194397,10.54992341152616
829,3.33,3.913895827289701,1.0593128221479797,10.725451297034663
830,3.4000000000000004,3.3595049100070087,0.8754601948241434,9.133663787067096
831,3.0999999999999996,3.5668427024460803,1.008450598351116,9.38414999403385
832,2.9400000000000004,3.14017260151718,0.9515125366456605,7.7834583936705
833,2.8,3.0148536376249577,1.0087471014764686,7.024429615705497
834,2.7000000000000006,2.8552223032692563,1.0240087819070949,6.343218636443115
835,2.6400000000000006,2.7614375013047496,1.0540627781797847,5.888013466053548
836,2.58,2.702291487105742,1.0890646628104919,5.561291519361202
837,2.67,2.631969689369193,1.1088451984313523,5.255178822186059
838,2.8,2.7457456957243607,1.2266131196820491,5.301324057158651
839,2.8400000000000003,2.8776795758177416,1.3503724604424097,5.397453657146649
840,2.7100000000000004,2.896721961313159,1.4107920233028417,5.298528407679577
841,2.6299999999999994,2.72494213257689,1.330327532697153,4.954181846269107
842,2.54,2.6670462029720925,1.368607642404454,4.677271158798299
843,2.3900000000000006,2.524726460008882,1.3392864283928465,4.310891589458826
844,2.5699999999999994,2.36219427243852,1.2195954035456067,4.092977894782396
845,2.59,2.6889380650983163,1.481460617363863,4.483973411831865
846,2.5,2.5848285573632404,1.451941986541843,4.2411500175058094
847,2.26,2.4950104131782287,1.4249300257754611,4.037299080132436
848,2.13,2.1979807538302314,1.2443224372850734,3.5568679134358874
849,2.0599999999999996,2.123450433462024,1.2154521499073225,3.4035898544241725
850,2.1,2.0508120301638053,1.1833837169845993,3.2628576786523
851,2.08,2.1286910678560513,1.2573089431268039,3.336450191227706
852,1.9499999999999997,2.0794215379716228,1.2380168154729603,3.2371607500721593
853,1.87,1.92852348787389,1.1417903572667885,3.00424336113526
854,1.8599999999999999,1.866673251412554,1.1079550751338005,2.898477546938521
855,1.7999999999999998,1.8687946959153745,1.119227848560595,2.883481907290945
856,1.81,1.7981637826814771,1.0750466346497811,2.7732745009038235
857,2.04,1.8217868395603625,1.0991150520589232,2.7932560962325703
858,1.83,2.0841564925040688,1.2981159136579143,3.1390520006950826
859,1.75,1.829446775509557,1.1188567392851994,2.778343720464174
860,1.6600000000000001,1.7548437641530445,1.0651780302580494,2.6748232131564125
861,1.6,1.6521850635978068,0.9994297867860895,2.518045823893615
862,1.5499999999999998,1.600781995986576,0.9713477637093708,2.4311891159783827
863,1.52,1.5505573602321752,0.9412885565541389,2.3510437311708845
864,1.48,1.5260383274842213,0.9523328565011089,2.2683308128895687
865,1.4500000000000002,1.4828581675114099,0.9275966716835582,2.198067713301239
866,1.4,1.4557808377502397,0.929735296410253,2.1252263117537624
867,1.38,1.4004195388969807,0.9059111166686387,2.0232333041794077
868,1.5899999999999999,1.3880664805830745,0.919255662712297,1.9713923092586496
869,1.44,1.656179792838997,1.1531766158346803,2.276689445724464
870,1.4,1.445372764553103,1.0058308815190031,1.9812323724368945
871,1.33,1.4077998582610447,0.9943299381818611,1.9069914894459346
872,1.2800000000000002,1.3360246039899417,0.9509765158445804,1.7970664465348607
873,1.25,1.2869569755909591,0.9324421243576233,1.7065091069378058
874,1.35,1.2584144802409574,0.9279604954348919,1.6455085447233313
875,1.69,1.3733200911986314,1.044981808354064,1.7543757270978393
876,1.4,1.7756042066903017,1.4087784477184515,2.198292777608485
877,2.0000000000000004,1.440609223805001,1.1235845513433063,1.8049617235886033
878,2.65,1.8518848794003904,1.466806939606716,2.2970749493064364
879,2.2,2.6078256660479684,2.10625252289893,3.1903888819853004
880,1.9,2.126900553147165,1.6565608795908249,2.6805130815515215
881,1.71,1.8236201817241735,1.3383118224061192,2.4096525768047585
882,1.5700000000000003,1.6803358038466087,1.1650179924535573,2.318309615173397
883,1.4699999999999998,1.5814530739451276,1.046955984906016,2.255516983325225
884,1.38,1.5095048936157376,0.9526112664186515,2.2252271199028764
885,1.2999999999999998,1.4393646597456824,0.8646126812445294,2.191279348826765
886,1.37,1.376304359779136,0.7901153248970583,2.1544461587300554
887,1.46,1.4576277045899024,0.8436584411044339,2.2760590572023975
888,2.1599999999999997,1.514719379624946,0.8740801415703559,2.3743559936355414
889,1.65,2.181603533918257,1.3702377993991974,3.2707111706711434
890,1.5300000000000002,1.5543309350517927,0.8765792731351045,2.476861659492936
891,1.44,1.552290179816735,0.8502877682574843,2.5206335326551397
892,1.42,1.4808967109145885,0.7829189988396617,2.452118965714343
893,1.3899999999999997,1.475538662937106,0.7738112954651892,2.4548723910844554
894,2.3300000000000005,1.4497965156919297,0.7581717364424829,2.4134907551408316
895,3.01,2.0746020287818565,1.207978597412287,3.2813719510091586
896,2.66,2.4870097496574446,1.5388989492397975,3.789177213156443
897,2.35,2.1984724800571533,1.3649904386307061,3.325694530759331
898,2.08,2.079674454544626,1.313834363157497,3.098994680428281
899,1.8899999999999997,1.8994945583322775,1.2121852644234887,2.8003456713149344
900,1.75,1.8013980030628383,1.1717430990627005,2.613609167194542
901,1.6399999999999997,1.709918000714703,1.1312035661683577,2.445778567178623
902,1.54,1.6419119792964314,1.1102085098680616,2.307587318367124
903,1.4299999999999997,1.5742140755842757,1.0830832928996945,2.1811392897841717
904,1.3600000000000003,1.4957983058507192,1.0433940196226685,2.0483642037073024
905,1.29,1.4608121756368826,1.0363381047784914,1.9737677400195008
906,1.23,1.4043098499677598,1.0085237107997411,1.878086936972363
907,1.1799999999999997,1.3648186225784937,0.9944766039448565,1.8039271589513537
908,1.13,1.295520853312265,0.9525282169118863,1.6987656016185846
909,1.08,1.2441031524030066,0.914899319036689,1.6299027361702376
910,1.0499999999999998,1.1686122014722145,0.8271504199899409,1.5738870915729284
911,1.0499999999999998,1.1453522138270218,0.7879207404707054,1.5742394599442897
912,1.0700000000000003,1.1433350728122322,0.7691591884816424,1.596648885106636
913,1.04,1.1554516828631178,0.7642008315678703,1.6334711298307831
914,0.99,1.107010133059911,0.7323756913555219,1.5626610457362164
915,0.96,1.0531637312281728,0.6945109932101283,1.4877273290773223
916,0.9300000000000002,1.023876531267061,0.6754180360403197,1.4448084750801957
917,0.8999999999999999,0.98713546272243,0.6496456962906323,1.3936699596089563
918,0.8799999999999999,0.958094095919729,0.6309771342403137,1.3508192775869823
919,0.8700000000000001,0.9361631271369677,0.622256022728475,1.3108113653847382
920,0.8500000000000001,0.9086290566931614,0.6002547838693901,1.2764280493166464
921,0.8199999999999998,0.8759170394126612,0.5538882269812333,1.2646833135452185
922,0.81,0.8394325238087672,0.48777343010896135,1.2742118800963462
923,0.79,0.8541984457253322,0.44206390518299776,1.3841189449187064
924,0.77,0.7862954616082625,0.32076349960115436,1.4159143382792245
925,0.76,0.7907978801666613,0.26857493568633317,1.527999692721627
926,0.75,0.7699001692509753,0.20776551322223047,1.5936711843652702
927,0.75,0.7573240448722531,0.16762644024042506,1.6448422990920717
928,0.75,0.7509135912476275,0.14015547381641524,1.6888424205463175
929,0.72,0.7555639479839733,0.12167075308602193,1.7476911268138533
930,0.7,0.6975589268843583,0.07816120541014815,1.6727972549787036
931,0.69,0.7061397767806541,0.071431905262896,1.7168436217128447
932,0.6800000000000002,0.6809326314761166,0.05444925322429084,1.6796306251071953
933,0.6699999999999999,0.6825082069788733,0.056600388101339494,1.6791906367156808
934,0.6499999999999999,0.6624890387272337,0.05598965257230448,1.6173265970510609
935,0.6299999999999999,0.646928364517376,0.03411289180707988,1.622898388890687
936,0.6200000000000001,0.6219900665099021,0.031742537404425564,1.549911126544497
937,0.6099999999999999,0.6200839485684666,0.032271265586232945,1.5426184840267032
938,0.6000000000000001,0.6036023906484567,0.03294549973763483,1.489522078315467
939,0.5899999999999999,0.5997598067811454,0.03957272345337248,1.4618108783105597
940,0.5699999999999998,0.5846164320596801,0.03857520493463351,1.4177442565765768
941,0.56,0.5604249556581351,0.031231924748485795,1.3611817902501064
942,0.56,0.5615968436979479,0.03766596034051206,1.3500671655907142
943,0.5800000000000001,0.5598506339334866,0.04185506761813085,1.3353862507433827
944,0.55,0.5978130323213515,0.023538382865624152,1.4942948198075792
945,0.54,0.5218479546312393,0.0,1.3382830616441144
946,0.52,0.5466541419119479,0.026093779954359242,1.331306437506898
947,0.52,0.5113885501844659,0.02795823136027309,1.222167477180418
948,0.55,0.523925142722707,0.055972459029484334,1.199250388364134
949,0.5800000000000001,0.5620857326349529,0.10250905322461401,1.2132351920057687
950,0.5899999999999999,0.5893971000101641,0.1392967027411358,1.217318048444053
951,0.55,0.5919353975904138,0.1561873168222463,1.1919097997603871
952,0.53,0.5339571409030133,0.12655086808696625,1.0886979689812826
953,0.51,0.5305555394535479,0.1431012293507674,1.0493375382707253
954,0.49,0.5036430354493993,0.14558755562575176,0.9736094085104594
955,0.48,0.48633412931520215,0.15585808912895005,0.9112979047730818
956,0.48,0.4794066834630717,0.17734932323021435,0.8589590123264088
957,0.48,0.48246148924982735,0.20332652380674654,0.8263472329658077
958,0.48,0.48121862430415585,0.2201917112060643,0.7980851638607591
959,0.48,0.4817943437159895,0.23888426107344962,0.7723322073412984
960,0.48,0.4814201648562382,0.2541464137123801,0.7498799827896203
961,0.48,0.4816142004035884,0.26839034283276053,0.7306822392978458
962,0.48,0.48169905095268173,0.2837574270874421,0.710161149817081
963,0.48,0.4817669913812579,0.2973705498041044,0.6923718648296688
964,0.49,0.48184407932008755,0.3081395170576804,0.6786144343036269
965,0.48,0.4960167684865733,0.331034246539732,0.6814489765468272
966,0.48,0.476961815942909,0.3221966416265718,0.6498424947364776
967,0.45999999999999996,0.48416745217969326,0.34317315447430463,0.6399620695007728
968,0.45999999999999996,0.4554945302476081,0.3290419996968632,0.5939784657399079
969,0.48,0.4650456328216477,0.35175170235438213,0.5878350310278226
970,0.45999999999999996,0.48884667375852686,0.3846416893192195,0.6008938883327184
971,0.45999999999999996,0.45612316516625073,0.36462051982884236,0.5537613873780223
972,0.45999999999999996,0.46603676968025987,0.3818916561900596,0.5553055845059176
973,0.44999999999999996,0.4632940602872093,0.3877960050342433,0.542899315968987
974,0.44999999999999996,0.45147795486809894,0.38296405391894117,0.5233861267022946
975,0.43999999999999995,0.4546748845372939,0.39167537497139016,0.5205263079021512
976,0.42999999999999994,0.4394974511163976,0.3809162771636154,0.5005637532398282
977,0.41999999999999993,0.4319626320359591,0.3780530377521947,0.48798117588568557
978,0.41999999999999993,0.4209466141332898,0.37135041532165713,0.47233650689001516
979,0.41999999999999993,0.42515958196872483,0.37876133014951074,0.4731192336653536
980,0.41999999999999993,0.42239446753590726,0.37869630777571484,0.4674776525229447
981,0.4099999999999999,0.4214444604641705,0.38000155200492003,0.4641319433654325
982,0.3999999999999999,0.40803607947865994,0.368494434464983,0.4487202513824804
983,0.3999999999999999,0.399014162546925,0.36122621709385894,0.4378511098511404
984,0.3999999999999999,0.4012562292677937,0.3639700077755843,0.43956172706757624
985,0.3999999999999999,0.40096208033716896,0.3642976356654861,0.43861185362625954
986,0.3999999999999999,0.4008488378971524,0.36487935225086154,0.43776624901064665
987,0.3999999999999999,0.4008729293357649,0.3655412392649062,0.4371187831736112
988,0.3999999999999999,0.4002656825712536,0.3653467672173565,0.4360776535786808
989,0.3999999999999999,0.4005703450350462,0.36636422996756624,0.4356327898295107
990,0.3999999999999999,0.4009036748369226,0.3670867082295455,0.43555715548809815
991,1.1,0.4011387446011998,0.36780694859144125,0.43528279604392006
992,0.8900000000000001,0.44238142485820586,0.30659598517453723,0.5922781015572127
993,0.69,0.5335229452428318,0.3850200564563675,0.6979484250958465
994,0.52,0.5805066384974495,0.43127295087591744,0.7453003864886629
995,0.48,0.48471416968529724,0.3474551538274915,0.6359551257811418
996,0.48,0.47622992137646536,0.3430835166283346,0.6225757771474614
997,0.45999999999999996,0.47758937402251145,0.34713190304371233,0.6206804643935402
998,0.44999999999999996,0.4639802059926441,0.33701564943503226,0.6030014640770349
999,0.43999999999999995,0.45930667660816926,0.33472841259644914,0.5955125824065683
1000,1.88,0.4531166101223947,0.3312101518656698,0.586186733668083
1001,2.53,1.1538756706495956,0.9817734564342178,1.3409236759904277
1002,1.63,1.7754981440456605,1.5715153420983436,1.9956616713454949
1003,1.7800000000000002,1.0951394647738302,0.9518377132113096,1.2489622713717616
1004,1.73,1.5675454715532786,1.4015933715692546,1.744964999710255
1005,1.23,1.389987990219936,1.2427382746581088,1.546905565370214
1006,1.0099999999999998,0.9710961191090761,0.8544057538929946,1.0951293440556542
1007,0.8900000000000001,0.9021684221356516,0.7931105214277967,1.0178592802461175
1008,1.4,0.8097265564759379,0.7091185556368989,0.9162568906718085
1009,1.5899999999999999,1.3941085491449496,1.2613591123300116,1.5346508273881234
1010,1.4,1.3448553183186092,1.2140895090956039,1.4833442556227068
1011,1.17,1.1932475040641193,1.0703634883908255,1.323425157493618
1012,1.04,1.0247795938684008,0.91023087914247,1.1461973254177078
1013,1.1399999999999997,0.9608372810988972,0.8482548665368654,1.080277407926752
1014,1.02,1.099165372085186,0.9749603226160493,1.2311816642091604
1015,0.95,0.921769456771123,0.804248983297752,1.0469446729176264
1016,1.0,0.9261710341569913,0.8038893282762161,1.0567419490034857
1017,0.95,0.9828610062941971,0.8511933032661871,1.1238936870314955
1018,0.9300000000000002,0.9131985473906303,0.7802474443727991,1.0560786048633775
1019,0.8599999999999999,0.9328360564340441,0.7907773952650561,1.0861639369188913
1020,0.8300000000000001,0.8577050348483959,0.7141632441039192,1.0132668276323527
1021,0.79,0.9018874220870416,0.7419765804065261,1.0764778395865404
1022,0.77,0.8106382184038372,0.6505149717208765,0.986295679903135
1023,1.0499999999999998,0.8536536495532556,0.6834318111689668,1.041087634025485
1024,1.1100000000000003,1.1760864765282917,0.921011816351698,1.4650303100802833
1025,2.99,1.0110816010524273,0.7325334245726365,1.3344133791180606
1026,2.58,3.156607996491833,2.5167734719699424,3.9128526969983692
1027,3.3,1.6521074895612058,1.2145326589204783,2.1761437826865726
1028,3.49,2.766586618042193,2.148220973502404,3.5064100870375876
1029,4.98,2.876067699058314,2.236740700866286,3.641675746117752
1030,7.870000000000001,4.4488202437399345,3.551975721983835,5.52236388370956
1031,15.450000000000003,7.661511984119429,6.212129573305297,9.402168886250646
1032,24.399999999999995,16.184172238951952,13.290887083001264,19.66322222146836
1033,10.550000000000002,25.50713038883267,19.536264922051725,33.21400941785176
1034,6.400000000000001,7.569035199920709,5.285558996024028,10.682073830494277
1035,4.700000000000001,5.565186136160332,3.6017313701545755,8.366402672258554
1036,3.92,4.1154921264230975,2.451348704781366,6.582038772044156
1037,3.5999999999999996,3.6194649852449956,2.1497829330802194,5.7748975733500405
1038,11.250000000000002,3.3967206213870584,2.024510691353518,5.39149740081732
1039,14.649999999999999,13.430345175934871,8.674768642757746,20.523497830876344
1040,12.2,12.7359373565544,8.331660098785582,19.218907789809116
1041,14.939999999999998,10.410442127666508,6.837695727897275,15.611794342232862
1042,14.369999999999997,14.434429364954243,9.690931644558022,21.282586564195565
1043,12.079999999999998,12.589621491653121,8.480724743903133,18.47929269913284
1044,14.180000000000001,10.615374910929813,7.154137803392235,15.545824656695206
1045,23.96,13.708676961604544,9.368602395327102,19.865413650960157
1046,63.94999999999999,24.925055143941307,17.337390276705616,35.65235205634423
1047,33.83,77.73921005282892,54.87993443809811,109.94972215136566
1048,29.459999999999997,23.135264514703472,16.10845193186219,33.04814155685566
1049,27.669999999999998,26.753119671050985,18.63022689627411,38.23722611794522
1050,20.38,24.408319195822713,16.927948363131797,35.00984737798728
1051,14.039999999999997,17.317504069899563,11.890126483992958,25.03007470620646
1052,11.190000000000001,12.134115495222163,8.214412846563816,17.721213463553944
1053,15.130000000000006,10.23566513371403,6.888773482356097,15.002509297459717
1054,12.460000000000003,15.256769386401142,10.346165453730926,22.29267557047004
1055,9.69,10.856178818852031,7.2060053165752755,16.130012809114422
1056,7.880000000000001,9.063424046083824,5.908034857675604,13.660103143337935
1057,7.419999999999998,7.805600165113313,4.975128272931619,11.976891997299385
1058,6.22,7.825418149805062,4.941364364903491,12.109447718608953
1059,5.700000000000001,6.54534310015141,3.977106244991008,10.438815989973982
1060,7.059999999999997,6.503642396398777,3.8540346410041293,10.599556529202214
1061,7.019999999999998,8.423477759233215,4.966761295020146,13.882769510635036
1062,8.530000000000001,7.738467213057488,4.473653003682556,12.950611992084044
1063,9.179999999999998,9.765932743182008,5.743628906578459,16.187379293313725
1064,8.339999999999998,9.815817086097859,5.774875757631475,16.26701764355657
1065,7.419999999999998,8.678694207553544,5.062597973903033,14.45164663178585
1066,6.499999999999999,7.792248311048331,4.507340727328076,13.03647135532081
1067,5.76,6.875262756315079,3.9329538682117393,11.572540740886017
1068,6.1000000000000005,6.251252561981302,3.4999005743065226,10.68485010932571
1069,6.42,6.770871283923849,3.7925398122929224,11.60009157491407
1070,6.14,7.024057295715954,3.9172884364200824,12.093699163152362
1071,6.04,6.654235774936985,3.6651990735813404,11.558376260961865
1072,6.269999999999999,6.552944908931178,3.5692626787493547,11.484941402616762
1073,6.17,6.813547547938249,3.435038915577561,12.765724821366373
1074,6.1000000000000005,6.611733757867759,2.8392653357657234,14.091035845040935
1075,30.080000000000002,6.519544393637684,2.663216912369802,14.4354899642863
1076,26.26,34.05405280603811,16.0852397531784,70.92094672829595
1077,18.320000000000004,23.73419782251315,11.105137683682747,49.53891644271594
1078,13.47,17.400685497334543,7.902236711138585,37.033725428596604
1079,10.289999999999997,12.683437516939815,5.351894848741989,28.477260996705382
1080,8.31,10.007022383154087,3.903858589596413,23.70596154633939
1081,6.999999999999998,8.498172879351358,3.118111873537024,20.90695416163142
1082,10.16,7.512818852828149,2.522257685807955,19.574327969545823
1083,12.879999999999997,10.420462085481425,3.84605741433759,25.914034047561294
1084,11.170000000000002,11.61384004846983,4.466550446819996,28.1059164854023
1085,10.49,10.064466117832396,3.881722945706678,24.077705522048877
1086,16.770000000000003,9.903791406334776,3.8967189959513853,23.280067353499504
1087,28.619999999999997,14.795717654923122,6.201679508268943,33.64534848399871
1088,20.42,22.818753836879942,9.942867703894066,50.845005321593625
1089,15.610000000000003,14.49669616218374,6.179791457608865,32.447711310408756
1090,11.550000000000002,13.1613682508727,5.604665081732236,29.364045451980374
1091,8.99,10.293882011420123,4.30040328345143,23.06454076543814
1092,7.5,8.934332812263287,3.70005975009388,19.99781144757569
1093,6.56,7.9593634275991985,3.276135979783115,17.771665215350186
1094,5.84,7.349328790331622,3.0463173579381015,16.228330128950525
1095,5.1,6.759210189510705,2.7911550402989205,14.880474980590549
1096,4.650000000000001,6.033332189133682,2.5097323858147838,13.094454005278827
1097,5.29,5.620269296503628,2.3591376150082284,12.047386139350321
1098,17.019999999999996,6.409303559864714,2.8118498472844062,13.401873484427401
1099,10.61,18.635310952431375,9.163634549234079,36.933815342438294
1100,8.92,8.858815911243322,4.144180469891233,17.8944092729001
1101,75.1,9.42784296659273,4.466399813204658,18.892417798135604
1102,79.17,51.835465817163104,26.00225026297718,102.38347437451014
1103,34.45,20.4674846630616,9.726332611021387,41.9646286826175
1104,20.619999999999997,22.3602229390454,10.499565258243585,46.45396921598511
1105,15.32,11.907910361440658,5.2234326217225115,25.772066161274182
1106,23.67,17.312189412257187,7.603909855170771,37.974871507847574
1107,46.36999999999999,21.19772560433994,7.896653892486414,54.384757905633165
1108,32.10000000000001,46.659201007394806,17.073136396295094,124.67821051408032
1109,22.669999999999998,14.456965927134906,4.7633660349626314,40.454558711566996
1110,16.269999999999996,23.715280508012533,8.016494032966152,66.74751786629807
1111,12.639999999999999,11.37876616767478,3.4929127287381023,33.10568178941852
1112,10.499999999999998,14.729129803426966,4.685599023275131,42.5144165742696
1113,9.479999999999999,9.978384271459486,2.9921580323549293,29.190418373977224
1114,8.530000000000001,11.832593565879481,3.8495036478020808,32.95717780348233
1115,13.899999999999997,9.371151594337409,3.050975549878811,25.55182290496549
1116,12.61,18.9680553321895,7.106156183192429,48.187706816716336
1117,9.699999999999998,10.352507481034749,3.6418825077081802,26.764473980747326
1118,8.11,12.017767807145292,4.615008684081896,29.18023447784871
1119,7.029999999999999,8.901648680281628,3.458849094396622,20.988330287053635
1120,6.269999999999999,9.149775563820013,3.751743085725951,20.68003238756315
1121,5.65,7.662217623121805,3.185866884077007,16.925561473478904
1122,5.14,7.446137034619921,3.2046679098276885,15.966198600569545
1123,4.679999999999999,6.588076542484731,2.8733780813451157,13.865294429148909
1124,4.45,6.24202338974886,2.7683802290434096,12.917624971454392
1125,4.64,5.93264748142431,2.664048055736836,12.117077170002812
1126,5.1,6.324728147290962,2.91635128957315,12.699394784772762
1127,4.49,6.642017712323561,3.124694173716464,13.15873086727461
1128,4.18,5.487834938987523,2.5284817189864004,10.929210790310874
1129,4.11,5.627706732741516,2.622496029544212,11.1260302777348
1130,4.03,5.263337105760011,2.5123166711212024,10.169093044183679
1131,4.19,5.12354935394063,2.2936593484102543,10.384861858359987
1132,4.03,4.95408232056993,2.0763058513267163,10.523917969610999
1133,3.9800000000000004,4.173686003919565,1.558976788858581,9.460050667006044
1134,3.88,4.229218918477422,1.1894343646873744,11.489404084632922
1135,3.67,4.038674478018399,0.8078570422789932,13.043278811155036
1136,3.539999999999999,3.8302004194450054,0.624947693112466,13.357899759418242
1137,3.41,3.721277618630686,0.5018814234733722,13.841692562274533
1138,3.2799999999999994,3.556372895529881,0.38165065402369036,14.025892328614193
1139,3.16,3.2994090285763686,0.25104487548363386,13.775583480055435
1140,3.46,3.1842657601813853,0.17529768787135613,13.896719471588613
1141,3.41,3.645317923795118,0.3579803541410682,14.890493958420358
1142,3.2200000000000006,3.441579722999176,0.3411526924940409,13.709458920051407
1143,3.0,3.258139422558412,0.31932438032526456,12.743209488386706
1144,2.89,3.037174414340657,0.27842548529975164,11.749102266203074
1145,2.85,2.9507362684243112,0.2725382166701784,11.265499659008418
1146,3.1500000000000004,2.793018515840515,0.2418930299160671,10.584725185615484
1147,3.0199999999999996,3.3941600911811376,0.4566433765016984,12.255573202344841
1148,2.9400000000000004,2.8564158264101693,0.29830960126114947,10.454850993738743
1149,2.81,2.9915042606788096,0.36398741547425284,10.680537578477267
1150,2.74,2.769773570156232,0.3021848522365229,9.913345172031848
1151,2.5099999999999993,2.750564217886157,0.34763002607362314,9.43812595469694
1152,2.5999999999999996,2.458749286761755,0.29558278717401465,8.233641220850954
1153,5.3100000000000005,2.659257196085142,0.43583014273433296,8.325729296643159
1154,58.89000000000002,7.065420552240964,2.238672492429822,19.08570142135806
1155,45.27000000000001,210.64115730669752,81.78153120388541,540.0866266268814
1156,31.650000000000006,10.097769527291744,3.315990443131634,27.53585755197395
1157,20.630000000000003,22.43978820820744,8.32319373019835,57.93084356554839
1158,15.71,14.421602371207708,5.243435782662319,37.0921383633141
1159,12.61,12.437210499427085,4.661294223539039,30.893524497485142
1160,10.410000000000002,10.34015259408805,3.942931808333207,25.016758038295993
1161,8.78,8.93153923201448,3.456489978294984,21.132995249050207
1162,8.220000000000002,7.7957361082080165,3.0452381566601137,18.124949060875434
1163,7.9300000000000015,7.604777814871859,3.0431830655034426,17.312849070585294
1164,7.0699999999999985,7.399270845083715,3.0202829583228423,16.547956564356856
1165,6.4799999999999995,6.613658767044438,2.7015494479061317,14.660414817309404
1166,6.080000000000001,6.248776240316475,2.571208482127739,13.713438670729827
1167,6.269999999999999,5.949351449480912,2.462338131705487,12.948229124754473
1168,9.009999999999998,6.255505154082951,2.705841576168675,13.20523623552984
1169,14.549999999999999,9.108640579243403,4.2808337792721955,18.350091033240112
1170,14.920000000000002,13.795205429706341,6.894335030838436,26.728504408808128
1171,11.83,12.548656229782964,6.364593868584107,23.925486579225105
1172,9.52,10.102362568742597,5.132850562589227,19.098721361274542
1173,10.050000000000002,8.61048991727625,4.3827895062270805,16.158671418085373
1174,9.280000000000001,9.678201859002627,5.057355040124801,17.82405673537305
1175,10.03,8.588627526320147,4.49967435093422,15.717676715328867
1176,9.79,9.772578207901784,5.244117648744293,17.585242587268997
1177,9.15,9.182589189593793,4.958907547112394,16.400022031601548
1178,8.250000000000002,8.819197400938203,5.011078718998313,15.039822818134454
1179,7.130000000000001,8.097774899799685,4.776993374475306,13.327436914352129
1180,6.3100000000000005,7.257623961782569,4.389005178037866,11.653235846218461
1181,5.669999999999999,6.749940914929576,4.166687207257893,10.624776530022583
1182,5.12,6.349361664588758,3.9726753653571585,9.861983320531404
1183,4.650000000000001,5.96628175249435,3.7673345545972357,9.179499865042656
1184,4.260000000000001,5.899449457794956,3.686909119311455,9.15645953631384
1185,3.91,5.4252385917126436,3.3582153614324275,8.472613796410613
1186,3.58,3.8480688260325993,2.236604688926899,6.261860375584457
1187,3.37,3.520737848657225,1.40933422640702,7.482455639522977
1188,3.1899999999999995,3.391627426995064,0.9299216730657212,8.993354511065954
1189,11.85,3.1981308845134384,0.6101328005284794,9.945869134347745
1190,9.359999999999998,19.77565385643282,7.155919142746585,51.922029462022984
1191,7.440000000000003,8.532774163741033,3.010300937465691,21.66009076972568
1192,6.26,7.33622442730654,2.8051706845616966,17.26268608248433
1193,5.789999999999999,6.416550248842608,2.615530879551088,14.213593639791265
1194,5.260000000000001,6.120763234679469,2.685740983695197,12.757143887394783
1195,5.359999999999999,5.651002601514481,2.6177035376063427,11.227601058383318
1196,5.63,5.794176578831989,2.851144273869705,10.986264886920438
1197,5.65,5.987413173846008,3.099398338626985,10.910026503642825
1198,5.55,5.946786772389668,3.193745520736856,10.50709937511158
1199,5.2700000000000005,5.849736878256737,3.234918633030574,10.079054727380779
1200,5.06,5.612039868494452,3.161162638176566,9.506455773071623
1201,5.150000000000001,5.396250387685551,3.0602134458900814,9.076322234581149
1202,4.9,5.487773242988869,3.1063587179047927,9.250249562687673
1203,7.4,5.258543302624139,2.9341619603104934,8.956215495441914
1204,13.880000000000004,7.2561014855715875,4.150373308973377,12.234615755191609
1205,11.23,12.045605994856722,7.135952921006977,19.917996628719145
1206,10.52,8.818585891012528,5.106975243389227,14.785986524760817
1207,10.569999999999999,9.068650866030241,5.250501349258948,15.219135809646811
1208,9.32,9.12475362664851,5.276582726704406,15.332236897665581
1209,8.339999999999998,8.155457397716365,4.663063710733367,13.801599353814142
1210,8.600000000000001,7.5695835839428085,4.285004772257208,12.895496024465658
1211,8.47,7.861147968602507,4.449526644184127,13.408580496668792
1212,7.839999999999998,7.722730088837343,4.351865044861802,13.216729974489303
1213,6.960000000000001,7.286004221421361,4.073213222657417,12.53340830438203
1214,6.19,6.686837816604382,3.817503817079544,11.265164255666145
1215,7.66,6.1784462007144825,3.581590614974777,10.247205214740879
1216,7.23,7.451762028188796,4.471861072210352,12.054476427392006
1217,6.9399999999999995,6.898711271156617,4.152156100089051,11.109423420617679
1218,6.160000000000001,6.8144526757711565,4.1039893931685,10.964302022962887
1219,5.510000000000001,6.282381010575621,3.7116544244392555,10.255722174383362
1220,6.28,5.985773723671108,3.5449401185180003,9.737442792589883
1221,9.32,6.929098841799609,4.218716274050505,11.04714054980247
1222,14.26,10.015964341810422,5.694945517341081,17.12583389449804
1223,12.229999999999999,13.905759489424847,7.437165651948369,25.333685401242676
1224,9.820000000000002,9.301737594772893,4.499784634544098,18.29635513452327
1225,8.2,9.05418799693726,4.106215215559343,18.796795084103024
1226,6.9399999999999995,7.410862314559289,3.0948147362273524,16.27614298361406
1227,6.839999999999998,6.853364772099294,2.780993213581112,15.311941005901812
1228,6.6800000000000015,7.091187853372913,2.859024933887851,15.96473124691968
1229,6.21,6.779302543521698,2.656263409763694,15.551747311760131
1230,6.430000000000001,6.409613694808629,2.519972446384008,14.597387747365925
1231,7.66,6.94804330043742,2.734645647879258,15.914962826928555
1232,7.109999999999998,8.155783968036939,3.3068734765936734,18.463859462076073
1233,7.140000000000001,6.811870914870545,2.770771749694406,15.18377648966582
1234,7.210000000000001,8.148433657418844,3.2170193719170284,18.84668103294656
1235,6.4799999999999995,7.2910705512552365,2.962703089596969,16.3472120750998
1236,5.76,6.556388005801901,2.60920994496158,14.820359736605637
1237,5.09,5.9726532326239266,2.3670300207218595,13.439399946899693
1238,4.55,5.366578588969823,2.0916664714275544,12.110509592198346
1239,4.14,4.870321645440332,1.8608886013571895,11.045444972788292
1240,3.8100000000000005,4.463896666727322,1.7480242917654776,9.863865677655287
1241,3.5600000000000005,4.090706444642452,1.6751787552293127,8.687312316930672
1242,3.5299999999999994,3.8130085270535545,1.6264104211534023,7.820042326559594
1243,3.41,3.8473036825734575,1.731232454700466,7.602838967680269
1244,4.529999999999999,3.5817391255318674,1.652492992163273,6.914189962594007
1245,4.1,5.640939886370307,2.943208755785423,10.184313412186988
1246,3.74,3.7676542208560324,1.877074583237881,6.900569176091791
1247,3.5,4.077179972805357,2.111168690679886,7.28555409209347
1248,3.26,3.548632798474756,1.8162273429068994,6.3467294419505516
1249,3.24,3.4085254945701466,1.7558880682075526,6.052208418941946
1250,3.25,3.4213944592609495,1.7833409271132408,6.023476274125898
1251,8.850000000000001,3.39494259831858,1.7850083588921293,5.935534100227601
1252,8.889999999999999,14.372037980597748,7.505292693145119,26.782647840842255
1253,6.800000000000002,8.155911260718245,4.272879810475529,14.898468015068788
1254,5.4799999999999995,6.461692645921603,3.4421739630354873,11.533695799737355
1255,5.349999999999999,5.374656496958463,2.8693123911786405,9.50218781684785
1256,9.450000000000001,5.444183843738753,2.9586704672955593,9.490265798828636
1257,9.53,9.418415943873809,5.455890386897818,15.813078332285816
1258,8.239999999999998,8.042764338360694,4.637193849783077,13.505725553907386
1259,7.390000000000001,7.306697419559248,4.2035618158401284,12.26038288044664
1260,7.23,6.7617266703408525,3.880888287315239,11.342917386912433
1261,6.430000000000001,6.772295998327578,3.902744195054736,11.321382206020733
1262,5.66,6.029334278625931,3.4435307361141785,10.119882664269676
1263,5.07,5.5283658016635,3.1378691871228206,9.299880956353801
1264,4.529999999999999,5.0804439581602425,2.8571745715013397,8.585202339944068
1265,4.04,4.655280665909308,2.587146419684379,7.915777520177619
1266,3.6500000000000004,4.266410666434051,2.3881778227309187,7.18583992890181
1267,3.34,3.948505979443981,2.218849377280604,6.607597796104677
1268,3.12,3.673437945510062,2.065847658256604,6.123975051961068
1269,2.91,3.4663222409285446,1.9494174280530738,5.763381191851431
1270,2.7000000000000006,3.240380664335909,1.8148625305101134,5.387817516337231
1271,2.54,3.0141375013456315,1.6759983372296627,5.021416252594051
1272,2.3900000000000006,2.842745848286083,1.5707655269895762,4.7440849814926755
1273,2.25,2.666310038803752,1.4600208767309981,4.464111881235481
1274,2.15,2.5151825098334695,1.3651103976600267,4.224495266548365
1275,2.08,2.3920177926328985,1.28793584612218,4.028893063168402
1276,1.98,2.3215632493495026,1.24778815690544,3.9082838992346165
1277,1.8899999999999997,2.1851087153073783,1.1609689949769213,3.694615032380584
1278,1.8599999999999999,2.075787904078984,1.0911186984859564,3.5241196674910453
1279,1.83,2.040239801538899,1.1076620301571305,3.3854555040649448
1280,1.7599999999999993,1.9888379273823298,1.1064487141105652,3.24085908017517
1281,1.6600000000000001,1.9074726076491646,1.077796344501389,3.0684434673306757
1282,1.85,1.7606209302256643,0.9818214221895729,2.8454665163423676
1283,1.62,1.9884966462729792,1.1776856112237128,3.1011944785575167
1284,1.5099999999999998,1.5583623412350929,0.7242838792907342,2.7959050407304233
1285,1.44,1.559271152994866,0.6136226685531663,3.059108093978703
1286,1.37,1.4661676957503813,0.46880489073876896,3.1407699156718305
1287,1.33,1.4292180002553354,0.37898907666237025,3.2792942979992503
1288,1.2800000000000002,1.3185665331247285,0.2633197666234508,3.2552573865713414
1289,1.2400000000000002,1.2689491152571803,0.20918112689152246,3.2575342710324895
1290,1.21,1.2348326914324632,0.17355484230549179,3.2558532235983373
1291,1.17,1.205868606910541,0.1904306895819574,3.0874755275858936
1292,1.1399999999999997,1.1594341499932739,0.1928934051502842,2.909113612351386
1293,1.12,1.1376454376981,0.18638494776182735,2.8516402504365375
1294,1.0899999999999999,1.1189064565916387,0.1962082827971421,2.753330115126051
1295,1.0499999999999998,1.083948325450208,0.19279646391275196,2.640889920901364
1296,1.0099999999999998,1.0423044968408903,0.18176453804499815,2.5294743779642013
1297,0.98,1.0035831891866391,0.16936647265610616,2.4329234588649475
1298,0.95,0.9772210503248093,0.16179600070474742,2.3649651741580207
1299,0.95,0.94660570467985,0.15000520910381288,2.29500574388274
1300,0.9199999999999999,0.955552895875444,0.1603220271955781,2.295798096507436
1301,0.8900000000000001,0.9159734728344253,0.1407226568190718,2.2180954122904324
1302,0.8599999999999999,0.8883773666907295,0.12733155762651283,2.1631945853956367
1303,0.8300000000000001,0.8584016779421177,0.111809269399471,2.1063392720619483
1304,0.8,0.8288882880223314,0.09597536024599185,2.0519229641389987
1305,0.78,0.7992465681014806,0.09981542775271102,1.9434831801185162
1306,0.75,0.7807839256302409,0.13154797584208544,1.8025249105528083
1307,0.73,0.7494144991795129,0.14887728837075787,1.663862468967058
1308,0.71,0.7310852174250242,0.16920014521538485,1.5629966282936212
1309,0.71,0.7110019699135603,0.18349972183441143,1.473619289500507
1310,0.7,0.7131526761184848,0.21195612813377762,1.421615785887563
1311,0.71,0.7019238476282639,0.2271380483983545,1.3604066281754763
1312,0.69,0.7136686059247639,0.25507385598346954,1.3398305023499764
1313,0.6600000000000001,0.6872593217520593,0.2549517505910699,1.2684888223777397
1314,0.6400000000000001,0.6588899358464626,0.21726540727920707,1.2607360751372014
1315,0.6200000000000001,0.6327790923716627,0.17685172500424273,1.2653385365742817
1316,0.6200000000000001,0.613720353324446,0.14617792857147016,1.271980042382395
1317,0.6299999999999999,0.6251314167061124,0.13832150068750027,1.3201284698304714
1318,0.6200000000000001,0.6341761707230176,0.1541340267622846,1.313883565542766
1319,0.5899999999999999,0.6130464859222533,0.1573741222497893,1.2481226387612057
1320,0.5800000000000001,0.5779996653600075,0.12469377197810072,1.21400972061645
1321,0.5699999999999998,0.5823411485839409,0.14461212318234784,1.1874689772991904
1322,0.54,0.564368663387057,0.14626714804157692,1.1349729154923334
1323,0.52,0.5276088565441819,0.13826897567365082,1.050120725825069
1324,0.51,0.5170780481577977,0.14000522406343907,1.0188730328784863
1325,0.5,0.5072829365444236,0.1409894413203603,0.991168163807828
1326,0.5,0.49704881504199516,0.14602503597454253,0.9555900475706767
1327,0.5,0.5027403844522174,0.16166525551875544,0.9439581689607814
1328,0.49,0.4995716927328888,0.17587816065486628,0.9123709725108204
1329,0.47,0.4858710828043573,0.18541968257463814,0.8624736092781904
1330,0.44999999999999996,0.4616969676544389,0.18229052288253045,0.8071345273419439
1331,0.43999999999999995,0.44396256004023726,0.18171923231921894,0.7644020828077083
1332,0.42999999999999994,0.43865248426039316,0.18431951800209911,0.7476035301352959
1333,0.42999999999999994,0.42593147318739644,0.1910615801586799,0.7071162399138873
1334,0.43999999999999995,0.4336249973050681,0.20594132803284038,0.7042957108457164
1335,0.41999999999999993,0.4449772094122886,0.23147504145946995,0.6954944805429446
1336,0.4099999999999999,0.4054885606847234,0.20225861802237777,0.6430725175129062
1337,0.3999999999999999,0.41322135382156344,0.21346445674467107,0.6458616350865962
1338,0.3900000000000001,0.3927360583924926,0.19926494259740868,0.6174188533732661
1339,0.3900000000000001,0.3898109364362503,0.20054164426912702,0.6089191476683196
1340,0.3900000000000001,0.3900272586756306,0.1844428812297767,0.6312950252655154
1341,0.3900000000000001,0.3919773622986267,0.17966183994888252,0.642505429552424
1342,0.3999999999999999,0.38999055814804273,0.1797307196600535,0.63772437179346
1343,0.3999999999999999,0.4082527029733407,0.19941151127573442,0.6534572636561973
1344,0.3900000000000001,0.3957389691403137,0.1919578775895041,0.6343591553054557
1345,0.3900000000000001,0.38739220527401486,0.18822435510990587,0.6199441822390963
1346,0.3900000000000001,0.3931544250770247,0.19475299560190762,0.6245025199822956
1347,0.3900000000000001,0.38898217091652265,0.19446464856863033,0.6151767014920795
1348,0.3900000000000001,0.39199780119034355,0.19894584579892505,0.6161346113406654
1349,0.3999999999999999,0.38984093297319444,0.2015540358213408,0.6076329165232965
1350,0.4099999999999999,0.4084509703457557,0.22494211728450852,0.619451325802649
1351,0.41999999999999993,0.412646680721958,0.23929428792810836,0.6102475933226679
1352,0.42999999999999994,0.4260823869806778,0.2557385746107472,0.6195337274614787
1353,0.42999999999999994,0.4336865649602142,0.27224149552865806,0.6156187121481278
1354,0.41999999999999993,0.4287566466373609,0.27948530208546374,0.5954427549759254
1355,0.43999999999999995,0.41584008730119315,0.28128331283189056,0.564527636263739
1356,0.42999999999999994,0.4533460434079999,0.3259739110193389,0.5929534543148955
1357,0.41999999999999993,0.4259353862123061,0.3160791933119942,0.5449615311792408
1358,0.4099999999999999,0.41953560852525995,0.32290621926231955,0.5232231238544123
1359,0.4099999999999999,0.4083257589309659,0.323549149706184,0.498532520464974
1360,0.41999999999999993,0.4118969443031064,0.336108428048828,0.4919844374034579
1361,0.42999999999999994,0.4227578740333646,0.3530250789410141,0.49608458825336177
1362,0.42999999999999994,0.4307023684373794,0.36289794855895985,0.5018800704899411
1363,0.43999999999999995,0.427928201031585,0.3606564875184133,0.4985258704201092
1364,0.43999999999999995,0.4389678968350832,0.37212863953935305,0.5090630342189544
1365,0.42999999999999994,0.4363679862399361,0.37000760134003663,0.5059427333665529
1366,0.44999999999999996,0.42596621867593565,0.36165607845748937,0.4933136854266451
1367,0.52,0.4498124357723996,0.38783344771715567,0.5145593315810346
1368,0.5,0.5454081454889574,0.48463932381951613,0.60866433875623
1369,0.48,0.4907472995774007,0.436370510277049,0.5471826351883733
1370,0.47,0.47021530021267255,0.41726034805805967,0.5251488775094757
1371,0.45999999999999996,0.4617257983581491,0.4099575071561896,0.5153948248378519
1372,0.47,0.4528291683707413,0.4019548559597199,0.5055496141663662
1373,0.48,0.46740874473931204,0.4177347823528337,0.5188231613841523
1374,0.49,0.47550776797234917,0.4275680038651153,0.5250574175466394
1375,0.48,0.485588248402014,0.43931538623593425,0.5333487468384464
1376,0.47,0.4702445217995723,0.4255416668110408,0.5163491914741636
1377,0.47,0.4638307923991498,0.4212056998921716,0.5077343054130021
1378,0.45999999999999996,0.4661805059196893,0.4252287848619434,0.5083089106617698
1379,0.45999999999999996,0.45384028030323753,0.4143217674800648,0.4944630063907922
1380,0.45999999999999996,0.45789194711208303,0.4190825847226831,0.4977626759260212
1381,0.45999999999999996,0.456717860799277,0.41802247589750996,0.4964691759406181
1382,0.44999999999999996,0.45747338487354505,0.4184430517933617,0.4975776890930166
1383,0.43999999999999995,0.4469478204453241,0.4079682963065596,0.4870064905464446
1384,0.43999999999999995,0.4403074757997387,0.4011481803925434,0.4805611953643836
1385,0.42999999999999994,0.44304378890953466,0.4037194772125339,0.4834697462811499
1386,0.44999999999999996,0.43036572910266946,0.39135837999231793,0.47046666654115876
1387,0.44999999999999996,0.45821883165182076,0.4190666612559417,0.4984512137731667
1388,0.43999999999999995,0.4478461356359522,0.4099640386901753,0.48674602681593004
1389,0.52,0.44072193929028436,0.4042093555701367,0.4781839318465382
1390,0.8700000000000001,0.5308586042594539,0.49144880660049095,0.5713097599218877
1391,0.54,1.0843248348903138,1.027539565876216,1.1427004880484617
1392,0.6299999999999999,0.412265303146635,0.3700007147905553,0.4558337560990058
1393,1.2400000000000002,0.559467877615889,0.5123611121569269,0.608041916554821
1394,1.7200000000000002,0.8889774887173669,0.8331186750013624,0.9465384328585915
1395,0.71,1.6419138407980474,1.5639544944093804,1.7222436113508723
1396,0.6699999999999999,0.3916537879270445,0.34764073037140086,0.4371042829181555
1397,0.6200000000000001,0.6747755971539671,0.6176176731016443,0.7339531753781605
1398,0.5699999999999998,0.5605639975417553,0.5039117374962083,0.6193503446405833
1399,4.06,0.5634549188128919,0.5033641590983395,0.6259475579265368
1400,1.9699999999999998,2.108916054890446,1.7610422953560998,2.5006196944581776
1401,1.58,1.2061800034739778,0.9674892140591003,1.4738281526265267
1402,1.38,1.2811984345580663,1.045461157869307,1.5441041878550639
1403,22.369999999999997,1.1895927036953555,0.9721727155733513,1.430981916653344
1404,21.51,4.851738561321146,4.275758009218701,5.4906017543295125
1405,12.870000000000001,15.509324208902555,13.889092608469715,17.305869471159745
1406,8.55,9.04805191506619,8.049014379454636,10.157386103518402
1407,5.879999999999999,6.32071328291504,5.580253256209032,7.144495490364184
1408,4.52,4.572138876464931,3.9970046639581556,5.213468617021059
1409,3.74,3.6900407987407524,3.1950111619385986,4.243486094489385
1410,3.2699999999999996,3.170610492154827,2.71968381248073,3.6762017295420417
1411,2.91,2.8548285866854193,2.4269333641807975,3.3361518458586357
1412,2.62,2.6050385644661955,2.1933035855663565,3.069861415629699
1413,2.4200000000000004,2.4016967544954406,2.001117797353921,2.8557436231751443
1414,2.25,2.2653168749251096,1.8686344660211156,2.7168535831125307
1415,2.13,2.147875108513402,1.7525157376657114,2.600022177239848
1416,2.04,2.0709083841880953,1.6712704806854966,2.530334487751576
1417,1.94,2.0161728195668553,1.6084714026573215,2.4875975516642446
1418,1.8399999999999999,1.953565771224243,1.5375479134803243,2.4377876053511995
1419,1.7599999999999993,1.8916182382629958,1.4663436832327026,2.390223387235151
1420,1.69,1.8474280984648481,1.4095961095817384,2.3648156816349255
1421,2.85,1.8140105684636998,1.3607589440310264,2.3542837990498886
1422,3.13,2.8494376338842624,2.1869565952162024,3.6496303462078385
1423,2.5699999999999994,2.9336354331709877,2.2178409484789223,3.8086552346263858
1424,2.72,2.511860979530353,1.7838887102014627,3.430194172041946
1425,2.8699999999999997,2.734242348929551,1.8727546599454947,3.8540747718440613
1426,4.56,2.869521726436128,1.8920021449923494,4.177450652064036
1427,4.33,4.12890717905487,2.742590166517766,6.028738836193839
1428,4.04,3.781220790341793,2.337873683761928,5.848693033893456
1429,14.210000000000003,3.6644274565062096,2.124222427146604,5.963935508548236
1430,8.250000000000002,9.78826039473833,5.935286935630887,15.781794816120644
1431,5.679999999999999,5.481579643967552,2.9986356959920193,9.506302117795725
1432,4.75,4.78698159867376,2.4313621986469824,8.759726337427683
1433,4.119999999999999,4.265394394006442,2.0716624649412525,8.025854383699254
1434,3.91,4.089546871178303,1.9690786516491396,7.724419388328792
1435,3.91,4.039702185039623,1.9400008580344315,7.6389764290319455
1436,3.83,4.047318003695774,1.944443682741452,7.652031342882527
1437,7.67,3.913681069030318,1.866484174787225,7.422953058842239
1438,9.199999999999998,6.705901382837357,3.4953760848653053,12.209332211810688
1439,21.130000000000003,7.838029793255705,4.155823543033694,14.150008524247314
1440,18.82,17.866357624182452,10.006028841889744,31.340406800390703
1441,14.599999999999998,16.230894152225165,9.051951828150372,28.536921620904714
1442,10.86,12.700262520384664,6.992294402791424,22.484769662876886
1443,8.35,9.586661796966112,5.175919453969877,17.147485380706904
1444,6.830000000000001,7.559585708221579,3.99338818101071,13.672704152065602
1445,5.86,6.35191805710718,3.288873548968252,11.602539688170861
1446,5.21,5.578882590876988,2.83790941446951,10.277414725153662
1447,4.91,5.059532542611824,2.5349372285232086,9.387153225436872
1448,4.41,4.837823777827351,2.405599435382366,9.007103626718811
1449,7.210000000000001,4.413833880906594,2.1582573078167164,8.280306964701905
1450,7.780000000000003,6.9575372832778895,3.6421724105298567,12.640682425134239
1451,6.36,7.207559841833197,3.7880275642059242,13.069267073746476
1452,6.42,6.010801866066358,3.089877287378328,11.01780379986566
1453,16.239999999999995,6.254814761154674,3.2322265958475294,11.436086780019817
1454,22.030000000000005,13.96503480884394,7.730122051481976,24.652821977659972
1455,26.829999999999995,16.945094377403976,9.404847848702548,29.949651248777414
1456,39.42999999999999,21.1290561599792,11.747486806916266,37.415033013866285
1457,31.840000000000003,32.7676569221359,18.193676030293688,58.40783059021055
1458,20.68,24.66328253172071,13.479605486912396,44.48494576721793
1459,20.44,16.465833880296213,8.77505788872724,30.207523945806813
1460,19.159999999999997,17.859057691654524,9.445557417760803,33.04931329106578
